"Date","Strain","sibling","allele","genotype","UV_dose","Suv_samples","Suv_ave","Suv_se","Rev_samples","Rev_ave","Rev_se"
"220722","KNT-Op47-01","Op47","B36","wild-type",0,3,756.666666666667,57.0418949350193,3,0,0
"220722","KNT-Op47-01","Op47","B36","wild-type",60,3,663,59.6182298742032,3,0.333333333333333,0.333333333333333
"220722","KNT-Op47-01","Op47","B36","wild-type",90,3,801,31.3209195267317,3,0.666666666666667,0.666666666666667
"220722","KNT-Op47-01","Op47","B36","wild-type",120,3,754.333333333333,30.2452934814291,3,2,1
"220722","KNT-Op47-23","Op47","B36","hH3-K4R",0,3,732,8.73689494805411,3,0.666666666666667,0.333333333333333
"220722","KNT-Op47-23","Op47","B36","hH3-K4R",60,3,626.333333333333,31.466031067027,3,1.33333333333333,0.333333333333333
"220722","KNT-Op47-23","Op47","B36","hH3-K4R",90,3,736.666666666667,32.9511422833531,3,13,2.64575131106459
"220722","KNT-Op47-23","Op47","B36","hH3-K4R",120,3,595,3.05505046330389,3,22.6666666666667,1.76383420737639
"220722","KNT-Op51-17","Op51","B36","wild-type",0,3,912.666666666667,12.6798177344068,3,0.333333333333333,0.333333333333333
"220722","KNT-Op51-17","Op51","B36","wild-type",60,3,878.333333333333,34.8536623294852,3,1,0.577350269189626
"220722","KNT-Op51-17","Op51","B36","wild-type",90,3,818,30.6648550189518,3,0.666666666666667,0.666666666666667
"220722","KNT-Op51-17","Op51","B36","wild-type",120,3,768,13.228756555323,3,2.66666666666667,0.666666666666667
"220722","KNT-Op51-32","Op51","B36","set-1 KO",0,3,490.666666666667,5.78311719096582,3,0,0
"220722","KNT-Op51-32","Op51","B36","set-1 KO",60,3,458.666666666667,23.2546291687865,3,2.66666666666667,0.666666666666667
"220722","KNT-Op51-32","Op51","B36","set-1 KO",90,3,469.333333333333,10.1707642015949,3,4.66666666666667,1.76383420737639
"220722","KNT-Op51-32","Op51","B36","set-1 KO",120,3,353.666666666667,85.6141213689528,3,11.6666666666667,2.90593262902712
"220729","KNT-Op46-04","Op46","OGW1","wild-type",0,3,745.666666666667,23.6737078727529,3,0.666666666666667,0.333333333333333
"220729","KNT-Op46-04","Op46","OGW1","wild-type",60,3,744,23.7135685491099,3,3,1.73205080756888
"220729","KNT-Op46-04","Op46","OGW1","wild-type",90,3,710.666666666667,44.3558839889867,3,8.33333333333333,0.881917103688197
"220729","KNT-Op46-04","Op46","OGW1","wild-type",120,3,665,18.3575597506858,3,10.6666666666667,1.20185042515466
"220729","KNT-Op46-13","Op46","OGW1","hH3-K4R",0,3,757.666666666667,15.7197681634021,3,1.33333333333333,0.666666666666667
"220729","KNT-Op46-13","Op46","OGW1","hH3-K4R",60,3,683.666666666667,29.6891300722073,3,29.3333333333333,2.33333333333333
"220729","KNT-Op46-13","Op46","OGW1","hH3-K4R",90,3,677.333333333333,10.0388135642504,3,36.3333333333333,5.04424865014052
"220729","KNT-Op46-13","Op46","OGW1","hH3-K4R",120,3,574.333333333333,36.7257100377621,3,48.6666666666667,2.40370085030933
"220729","KNT-Op55-01","Op55","OGW1","wild-type",0,3,839.666666666667,27.8408173570948,3,0.333333333333333,0.333333333333333
"220729","KNT-Op55-01","Op55","OGW1","wild-type",60,3,781.333333333333,32.9157172858871,3,8,5.03322295684717
"220729","KNT-Op55-01","Op55","OGW1","wild-type",90,3,842.333333333333,22.2436008276038,3,6.33333333333333,0.333333333333333
"220729","KNT-Op55-01","Op55","OGW1","wild-type",120,3,755.333333333333,53.8588690725843,3,38.6666666666667,5.36449231314369
"220805","KNT-Op47-01","Op47","B36","wild-type",0,3,956,18.0277563773199,3,1,0
"220805","KNT-Op47-01","Op47","B36","wild-type",60,3,909.333333333333,50.0410942237589,3,0.666666666666667,0.333333333333333
"220805","KNT-Op47-01","Op47","B36","wild-type",90,3,736.333333333333,74.6309438355015,3,1.33333333333333,0.666666666666667
"220805","KNT-Op47-01","Op47","B36","wild-type",120,3,744,58.923679450625,3,1.33333333333333,1.33333333333333
"220805","KNT-Op47-23","Op47","B36","hH3-K4R",0,3,863.333333333333,51.8405675551922,3,0.333333333333333,0.333333333333333
"220805","KNT-Op47-23","Op47","B36","hH3-K4R",60,3,942,22.0075744536588,3,6.66666666666667,1.76383420737639
"220805","KNT-Op47-23","Op47","B36","hH3-K4R",90,3,731,13.114877048604,3,10.3333333333333,1.20185042515466
"220805","KNT-Op47-23","Op47","B36","hH3-K4R",120,3,800,17.6918060129541,3,24.6666666666667,9.1712109947984
"220805","KNT-Op51-17","Op51","B36","wild-type",0,3,851.333333333333,21.8505021554298,3,0,0
"220805","KNT-Op51-17","Op51","B36","wild-type",60,3,700,52.9370695574787,3,1,0.577350269189626
"220805","KNT-Op51-17","Op51","B36","wild-type",90,3,802,33.0807093837683,3,1.66666666666667,0.333333333333333
"220805","KNT-Op51-17","Op51","B36","wild-type",120,3,597,185.303354889579,3,1,0
"220805","KNT-Op51-32","Op51","B36","set-1 KO",0,3,648.333333333333,20.9311039152528,3,0.666666666666667,0.666666666666667
"220805","KNT-Op51-32","Op51","B36","set-1 KO",60,3,652,13.076696830622,3,11.6666666666667,1.76383420737639
"220805","KNT-Op51-32","Op51","B36","set-1 KO",90,3,584.333333333333,26.2953312290308,3,12,1.52752523165195
"220805","KNT-Op51-32","Op51","B36","set-1 KO",120,3,522.333333333333,15.1033476789456,3,19,1
"220812","KNT-Op46-04","Op46","OGW1","wild-type",0,3,843.666666666667,29.5371705558343,3,0.333333333333333,0.333333333333333
"220812","KNT-Op46-04","Op46","OGW1","wild-type",60,3,905.333333333333,10.137937550497,3,2,1.52752523165195
"220812","KNT-Op46-04","Op46","OGW1","wild-type",90,3,823.666666666667,28.9501487234714,3,7,1.73205080756888
"220812","KNT-Op46-04","Op46","OGW1","wild-type",120,3,784,3.60555127546399,3,6.33333333333333,1.76383420737639
"220812","KNT-Op55-01","Op55","OGW1","wild-type",0,3,870.333333333333,35.2435967391399,3,1.66666666666667,0.881917103688197
"220812","KNT-Op55-01","Op55","OGW1","wild-type",60,3,852,37.5410886008029,3,5.33333333333333,1.45296631451356
"220812","KNT-Op55-01","Op55","OGW1","wild-type",90,3,835.333333333333,47.6421848552077,3,7.66666666666667,1.20185042515466
"220812","KNT-Op55-01","Op55","OGW1","wild-type",120,3,824,40.2533642486356,3,11.6666666666667,2.60341655863555
"220826","KNT-Op47-01","Op47","B36","wild-type",0,3,904,19.672315572906,3,0,0
"220826","KNT-Op47-01","Op47","B36","wild-type",60,3,822.333333333333,16.1692437808465,3,2,0
"220826","KNT-Op47-01","Op47","B36","wild-type",90,3,851.666666666667,34.7243110482811,3,0.333333333333333,0.333333333333333
"220826","KNT-Op47-01","Op47","B36","wild-type",120,3,734.666666666667,33.5476443948669,3,0,0
"220826","KNT-Op47-23","Op47","B36","hH3-K4R",0,3,869.666666666667,5.36449231314369,3,0,0
"220826","KNT-Op47-23","Op47","B36","hH3-K4R",60,3,873,3.05505046330389,3,3,0.577350269189626
"220826","KNT-Op47-23","Op47","B36","hH3-K4R",90,3,713,21.6333076527839,3,2.33333333333333,1.20185042515466
"220826","KNT-Op47-23","Op47","B36","hH3-K4R",120,3,757,10.4403065089106,3,2.33333333333333,1.33333333333333
"220826","KNT-Op51-17","Op51","B36","wild-type",0,3,878,32.1299444962691,3,0,0
"220826","KNT-Op51-17","Op51","B36","wild-type",60,3,859.333333333333,19.8774020211674,3,1.33333333333333,0.666666666666667
"220826","KNT-Op51-17","Op51","B36","wild-type",90,3,795.666666666667,81.8562425502444,3,2,1.52752523165195
"220826","KNT-Op51-17","Op51","B36","wild-type",120,3,780.666666666667,9.8375697089158,3,4.66666666666667,0.881917103688197
"220826","KNT-Op51-32","Op51","B36","set-1 KO",0,3,725.666666666667,27.2845092395748,3,0,0
"220826","KNT-Op51-32","Op51","B36","set-1 KO",60,3,530.666666666667,50.3862856120371,3,5.33333333333333,1.85592145427667
"220826","KNT-Op51-32","Op51","B36","set-1 KO",90,3,615,21.1266025033211,3,7,2.3094010767585
"220826","KNT-Op51-32","Op51","B36","set-1 KO",120,3,488,17.925772879665,3,5.33333333333333,1.85592145427667
"220902","KNT-Op46-13","Op46","OGW1","hH3-K4R",0,3,712,14,3,0.666666666666667,0.333333333333333
"220902","KNT-Op46-13","Op46","OGW1","hH3-K4R",60,3,605.333333333333,40.3498588734968,3,18.3333333333333,4.371625682868
"220902","KNT-Op46-13","Op46","OGW1","hH3-K4R",90,3,557.666666666667,12.9914501799367,3,24,3.78593889720018
"220902","KNT-Op46-13","Op46","OGW1","hH3-K4R",120,3,465.666666666667,14.4376052184718,3,24.6666666666667,2.90593262902712
"220902","KNT-Op55-25","Op55","OGW1","set-1 KO",0,3,621.666666666667,22.8351580779386,3,3,1.52752523165195
"220902","KNT-Op55-25","Op55","OGW1","set-1 KO",60,3,566.666666666667,8.41295297608264,3,15,1.52752523165195
"220902","KNT-Op55-25","Op55","OGW1","set-1 KO",90,3,532.333333333333,14.051492605572,3,23.6666666666667,2.90593262902712
"220902","KNT-Op55-25","Op55","OGW1","set-1 KO",120,3,547.666666666667,25.8736244937667,3,18.3333333333333,1.45296631451356
"220902a","KNT-Op46-13","Op46","OGW1","hH3-K4R",0,3,626.333333333333,33.4182252338118,3,0.666666666666667,0.666666666666667
"220902a","KNT-Op46-13","Op46","OGW1","hH3-K4R",60,3,599.333333333333,53.3552038490884,3,20.3333333333333,2.84800124843918
"220902a","KNT-Op46-13","Op46","OGW1","hH3-K4R",90,3,519.666666666667,13.6910351852752,3,22.6666666666667,0.881917103688197
"220902a","KNT-Op46-13","Op46","OGW1","hH3-K4R",120,3,462.666666666667,29.1337909956425,3,21.3333333333333,1.76383420737639
"220902a","KNT-Op55-25","Op55","OGW1","set-1 KO",0,3,494.333333333333,6.69161996662824,3,1.33333333333333,0.666666666666667
"220902a","KNT-Op55-25","Op55","OGW1","set-1 KO",60,3,482.666666666667,14.1931125706958,3,14.3333333333333,1.76383420737639
"220902a","KNT-Op55-25","Op55","OGW1","set-1 KO",90,3,415,12.5033328890074,3,21.6666666666667,1.20185042515466
"220902a","KNT-Op55-25","Op55","OGW1","set-1 KO",120,3,396.666666666667,4.84194634877798,3,15,1.15470053837925
"220902b","KNT-Op55-25","Op55","OGW1","set-1 KO",0,3,684,34.1760149812701,3,2.66666666666667,0.881917103688197
"220902b","KNT-Op55-25","Op55","OGW1","set-1 KO",60,3,579.666666666667,59.7057600050261,3,16,1.73205080756888
"220902b","KNT-Op55-25","Op55","OGW1","set-1 KO",90,3,488,54.4426303552648,3,11.6666666666667,2.90593262902712
"220902b","KNT-Op55-25","Op55","OGW1","set-1 KO",120,3,517,11.060440015358,3,17.3333333333333,3.52766841475279
"221017","KNT-Op46-04","Op46","OGW1","wild-type",0,3,663.333333333333,14.5181878269217,3,0,0
"221017","KNT-Op46-04","Op46","OGW1","wild-type",60,3,616,34.4431899413125,3,5.66666666666667,1.85592145427667
"221017","KNT-Op46-04","Op46","OGW1","wild-type",90,3,659.666666666667,16.3333333333333,3,6.66666666666667,1.20185042515466
"221017","KNT-Op46-04","Op46","OGW1","wild-type",120,3,603.666666666667,32.9157172858871,3,10.6666666666667,0.333333333333333
"221017","KNT-Op46-13","Op46","OGW1","hH3-K4R",0,3,626.666666666667,18.2787064944736,3,1.66666666666667,1.20185042515466
"221017","KNT-Op46-13","Op46","OGW1","hH3-K4R",60,3,640,30.2654919008431,3,18.3333333333333,1.85592145427667
"221017","KNT-Op46-13","Op46","OGW1","hH3-K4R",90,3,624.333333333333,17.5245859041266,3,27,3.21455025366432
"221017","KNT-Op46-13","Op46","OGW1","hH3-K4R",120,3,532.333333333333,23.6948189367305,3,30,6.50640709864771
"221017","KNT-Op55-01","Op55","OGW1","wild-type",0,3,630.666666666667,33.3982700816142,3,0.666666666666667,0.666666666666667
"221017","KNT-Op55-01","Op55","OGW1","wild-type",60,3,596.333333333333,13.9084306966834,3,3.33333333333333,0.333333333333333
"221017","KNT-Op55-01","Op55","OGW1","wild-type",90,3,605.333333333333,6.98410894658566,3,6.66666666666667,1.20185042515466
"221017","KNT-Op55-01","Op55","OGW1","wild-type",120,3,543.666666666667,24.6328597157898,3,11.3333333333333,3.84418753155693
"221017","KNT-Op55-25","Op55","OGW1","set-1 KO",0,3,514,15.8745078663875,3,0.333333333333333,0.333333333333333
"221017","KNT-Op55-25","Op55","OGW1","set-1 KO",60,3,462.333333333333,19.2035876277788,3,11.6666666666667,1.45296631451356
"221017","KNT-Op55-25","Op55","OGW1","set-1 KO",90,3,460.333333333333,22.1835775092998,3,17,0.577350269189626
"221017","KNT-Op55-25","Op55","OGW1","set-1 KO",120,3,388,16.5025250593154,3,24.3333333333333,4.33333333333333
"221104","KNT-Op47-23","Op47","B36","hH3-K4R",0,3,592.333333333333,8.68587614719692,3,0,0
"221104","KNT-Op47-23","Op47","B36","hH3-K4R",60,3,627.333333333333,12.2519839663261,3,1,0.577350269189626
"221104","KNT-Op47-23","Op47","B36","hH3-K4R",90,3,479.333333333333,39.1677304820066,3,2.33333333333333,0.333333333333333
"221104","KNT-Op47-23","Op47","B36","hH3-K4R",120,3,492.666666666667,32.3333333333333,3,2.33333333333333,1.33333333333333
"221104","KNT-Op51-32","Op51","B36","set-1 KO",0,3,624.666666666667,7.83865067753656,3,0,0
"221104","KNT-Op51-32","Op51","B36","set-1 KO",60,3,576,6.11010092660779,3,0.666666666666667,0.333333333333333
"221104","KNT-Op51-32","Op51","B36","set-1 KO",90,3,519,9.86576572463249,3,2,0
"221104","KNT-Op51-32","Op51","B36","set-1 KO",120,3,452.333333333333,13.8604152575279,3,3.33333333333333,1.76383420737639
"221104","KNT-Op55-25","Op55","OGW1","set-1 KO",0,3,635.666666666667,42.7252202386886,3,0.333333333333333,0.333333333333333
"221104","KNT-Op55-25","Op55","OGW1","set-1 KO",60,3,509.333333333333,31.6877123047896,3,24.3333333333333,1.66666666666667
"221104","KNT-Op55-25","Op55","OGW1","set-1 KO",90,3,555.666666666667,34.3721463461979,3,28,3.78593889720018
"221104","KNT-Op55-25","Op55","OGW1","set-1 KO",120,3,494.333333333333,35.2719592751964,3,32.6666666666667,3.33333333333333
