"Date","Strain","sibling","allele","genotype","UV_dose","Suv_samples","Suv_ave","Suv_se","Rev_samples","Rev_ave","Rev_se","Rev_freq_raw","Rev_freq_se"
"220722","KNT-Op47-01","Op47","B36","wild-type",0,3,756.666666666667,57.0418949350193,3,0,0,0,NA
"220722","KNT-Op47-01","Op47","B36","wild-type",60,3,663,59.6182298742032,3,0.333333333333333,0.333333333333333,0.502765208647562,0.504793783550046
"220722","KNT-Op47-01","Op47","B36","wild-type",90,3,801,31.3209195267317,3,0.666666666666667,0.666666666666667,0.832292967124428,0.832929006923609
"220722","KNT-Op47-01","Op47","B36","wild-type",120,3,754.333333333333,30.2452934814291,3,2,1,2.65134776844896,1.32992946846664
"220722","KNT-Op47-23","Op47","B36","hH3-K4R",0,3,732,8.73689494805411,3,0.666666666666667,0.333333333333333,0.910746812386157,0.455503132444581
"220722","KNT-Op47-23","Op47","B36","hH3-K4R",60,3,626.333333333333,31.466031067027,3,1.33333333333333,0.333333333333333,2.12879191059074,0.542837363616087
"220722","KNT-Op47-23","Op47","B36","hH3-K4R",90,3,736.666666666667,32.9511422833531,3,13,2.64575131106459,17.6470588235294,3.67723788417747
"220722","KNT-Op47-23","Op47","B36","hH3-K4R",120,3,595,3.05505046330389,3,22.6666666666667,1.76383420737639,38.0952380952381,2.97087340561541
"220722","KNT-Op51-17","Op51","B36","wild-type",0,3,912.666666666667,12.6798177344068,3,0.333333333333333,0.333333333333333,0.365230094959825,0.365265341561352
"220722","KNT-Op51-17","Op51","B36","wild-type",60,3,878.333333333333,34.8536623294852,3,1,0.577350269189626,1.13851992409867,0.658875518955215
"220722","KNT-Op51-17","Op51","B36","wild-type",90,3,818,30.6648550189518,3,0.666666666666667,0.666666666666667,0.814995925020375,0.815568389000027
"220722","KNT-Op51-17","Op51","B36","wild-type",120,3,768,13.228756555323,3,2.66666666666667,0.666666666666667,3.47222222222222,0.870113523535522
"220722","KNT-Op51-32","Op51","B36","set-1 KO",0,3,490.666666666667,5.78311719096582,3,0,0,0,NA
"220722","KNT-Op51-32","Op51","B36","set-1 KO",60,3,458.666666666667,23.2546291687865,3,2.66666666666667,0.666666666666667,5.81395348837209,1.48307720808244
"220722","KNT-Op51-32","Op51","B36","set-1 KO",90,3,469.333333333333,10.1707642015949,3,4.66666666666667,1.76383420737639,9.94318181818182,3.76434156663988
"220722","KNT-Op51-32","Op51","B36","set-1 KO",120,3,353.666666666667,85.6141213689528,3,11.6666666666667,2.90593262902712,32.9877474081056,11.457793538454
"220729","KNT-Op46-04","Op46","OGW1","wild-type",0,3,745.666666666667,23.6737078727529,3,0.666666666666667,0.333333333333333,0.894054537326777,0.447927532967212
"220729","KNT-Op46-04","Op46","OGW1","wild-type",60,3,744,23.7135685491099,3,3,1.73205080756888,4.03225806451613,2.33157011694999
"220729","KNT-Op46-04","Op46","OGW1","wild-type",90,3,710.666666666667,44.3558839889867,3,8.33333333333333,0.881917103688197,11.7260787992495,1.44071312130487
"220729","KNT-Op46-04","Op46","OGW1","wild-type",120,3,665,18.3575597506858,3,10.6666666666667,1.20185042515466,16.0401002506266,1.86074620896782
"220729","KNT-Op46-13","Op46","OGW1","hH3-K4R",0,3,757.666666666667,15.7197681634021,3,1.33333333333333,0.666666666666667,1.75978882534096,0.880651610987335
"220729","KNT-Op46-13","Op46","OGW1","hH3-K4R",60,3,683.666666666667,29.6891300722073,3,29.3333333333333,2.33333333333333,42.9058995611897,3.88844995884645
"220729","KNT-Op46-13","Op46","OGW1","hH3-K4R",90,3,677.333333333333,10.0388135642504,3,36.3333333333333,5.04424865014052,53.6417322834646,7.48953395379782
"220729","KNT-Op46-13","Op46","OGW1","hH3-K4R",120,3,574.333333333333,36.7257100377621,3,48.6666666666667,2.40370085030933,84.7359257109692,6.84655651960532
"220729","KNT-Op55-01","Op55","OGW1","wild-type",0,3,839.666666666667,27.8408173570948,3,0.333333333333333,0.333333333333333,0.396982929734021,0.39720108849513
"220729","KNT-Op55-01","Op55","OGW1","wild-type",60,3,781.333333333333,32.9157172858871,3,8,5.03322295684717,10.2389078498293,6.45626324201464
"220729","KNT-Op55-01","Op55","OGW1","wild-type",90,3,842.333333333333,22.2436008276038,3,6.33333333333333,0.333333333333333,7.5187969924812,0.442742833662705
"220729","KNT-Op55-01","Op55","OGW1","wild-type",120,3,755.333333333333,53.8588690725843,3,38.6666666666667,5.36449231314369,51.1915269196823,7.98526933636339
"220805","KNT-Op47-01","Op47","B36","wild-type",0,3,956,18.0277563773199,3,1,0,1.04602510460251,0.0197254035045342
"220805","KNT-Op47-01","Op47","B36","wild-type",60,3,909.333333333333,50.0410942237589,3,0.666666666666667,0.333333333333333,0.733137829912023,0.368782436418101
"220805","KNT-Op47-01","Op47","B36","wild-type",90,3,736.333333333333,74.6309438355015,3,1.33333333333333,0.666666666666667,1.81077410593028,0.923801514263682
"220805","KNT-Op47-01","Op47","B36","wild-type",120,3,744,58.923679450625,3,1.33333333333333,1.33333333333333,1.7921146953405,1.79772634086493
"220805","KNT-Op47-23","Op47","B36","hH3-K4R",0,3,863.333333333333,51.8405675551922,3,0.333333333333333,0.333333333333333,0.386100386100386,0.386795829464515
"220805","KNT-Op47-23","Op47","B36","hH3-K4R",60,3,942,22.0075744536588,3,6.66666666666667,1.76383420737639,7.07714083510262,1.87972126454408
"220805","KNT-Op47-23","Op47","B36","hH3-K4R",90,3,731,13.114877048604,3,10.3333333333333,1.20185042515466,14.1358869129047,1.66356359327596
"220805","KNT-Op47-23","Op47","B36","hH3-K4R",120,3,800,17.6918060129541,3,24.6666666666667,9.1712109947984,30.8333333333333,11.4842744704595
"220805","KNT-Op51-17","Op51","B36","wild-type",0,3,851.333333333333,21.8505021554298,3,0,0,0,NA
"220805","KNT-Op51-17","Op51","B36","wild-type",60,3,700,52.9370695574787,3,1,0.577350269189626,1.42857142857143,0.831831494112056
"220805","KNT-Op51-17","Op51","B36","wild-type",90,3,802,33.0807093837683,3,1.66666666666667,0.333333333333333,2.07813798836243,0.424374799128904
"220805","KNT-Op51-17","Op51","B36","wild-type",120,3,597,185.303354889579,3,1,0,1.6750418760469,0.519917720623158
"220805","KNT-Op51-32","Op51","B36","set-1 KO",0,3,648.333333333333,20.9311039152528,3,0.666666666666667,0.666666666666667,1.02827763496144,1.02881337590638
"220805","KNT-Op51-32","Op51","B36","set-1 KO",60,3,652,13.076696830622,3,11.6666666666667,1.76383420737639,17.8936605316973,2.7289678735842
"220805","KNT-Op51-32","Op51","B36","set-1 KO",90,3,584.333333333333,26.2953312290308,3,12,1.52752523165195,20.5362236166572,2.772675757909
"220805","KNT-Op51-32","Op51","B36","set-1 KO",120,3,522.333333333333,15.1033476789456,3,19,1,36.3752393107849,2.18438358264664
"220812","KNT-Op46-04","Op46","OGW1","wild-type",0,3,843.666666666667,29.5371705558343,3,0.333333333333333,0.333333333333333,0.395100750691426,0.395342820618089
"220812","KNT-Op46-04","Op46","OGW1","wild-type",60,3,905.333333333333,10.137937550497,3,2,1.52752523165195,2.20913107511046,1.68743306793765
"220812","KNT-Op46-04","Op46","OGW1","wild-type",90,3,823.666666666667,28.9501487234714,3,7,1.73205080756888,8.4985835694051,2.12396358876567
"220812","KNT-Op46-04","Op46","OGW1","wild-type",120,3,784,3.60555127546399,3,6.33333333333333,1.76383420737639,8.07823129251701,2.25009525010022
"220812","KNT-Op55-01","Op55","OGW1","wild-type",0,3,870.333333333333,35.2435967391399,3,1.66666666666667,0.881917103688197,1.91497510532363,1.01627242371914
"220812","KNT-Op55-01","Op55","OGW1","wild-type",60,3,852,37.5410886008029,3,5.33333333333333,1.45296631451356,6.25978090766823,1.72752076837393
"220812","KNT-Op55-01","Op55","OGW1","wild-type",90,3,835.333333333333,47.6421848552077,3,7.66666666666667,1.20185042515466,9.1779728651237,1.53103104137427
"220812","KNT-Op55-01","Op55","OGW1","wild-type",120,3,824,40.2533642486356,3,11.6666666666667,2.60341655863555,14.1585760517799,3.23430830740286
"220826","KNT-Op47-01","Op47","B36","wild-type",0,3,904,19.672315572906,3,0,0,0,NA
"220826","KNT-Op47-01","Op47","B36","wild-type",60,3,822.333333333333,16.1692437808465,3,2,0,2.43210376976084,0.0478215793517377
"220826","KNT-Op47-01","Op47","B36","wild-type",90,3,851.666666666667,34.7243110482811,3,0.333333333333333,0.333333333333333,0.391389432485323,0.391714614635794
"220826","KNT-Op47-01","Op47","B36","wild-type",120,3,734.666666666667,33.5476443948669,3,0,0,0,NA
"220826","KNT-Op47-23","Op47","B36","hH3-K4R",0,3,869.666666666667,5.36449231314369,3,0,0,0,NA
"220826","KNT-Op47-23","Op47","B36","hH3-K4R",60,3,873,3.05505046330389,3,3,0.577350269189626,3.43642611683849,0.661449842507347
"220826","KNT-Op47-23","Op47","B36","hH3-K4R",90,3,713,21.6333076527839,3,2.33333333333333,1.20185042515466,3.27255726975222,1.68854667902624
"220826","KNT-Op47-23","Op47","B36","hH3-K4R",120,3,757,10.4403065089106,3,2.33333333333333,1.33333333333333,3.08234258036107,1.761851550142
"220826","KNT-Op51-17","Op51","B36","wild-type",0,3,878,32.1299444962691,3,0,0,0,NA
"220826","KNT-Op51-17","Op51","B36","wild-type",60,3,859.333333333333,19.8774020211674,3,1.33333333333333,0.666666666666667,1.55159038013964,0.776624927765213
"220826","KNT-Op51-17","Op51","B36","wild-type",90,3,795.666666666667,81.8562425502444,3,2,1.52752523165195,2.51361541684122,1.9371433290847
"220826","KNT-Op51-17","Op51","B36","wild-type",120,3,780.666666666667,9.8375697089158,3,4.66666666666667,0.881917103688197,5.97779675491033,1.13220612239119
"220826","KNT-Op51-32","Op51","B36","set-1 KO",0,3,725.666666666667,27.2845092395748,3,0,0,0,NA
"220826","KNT-Op51-32","Op51","B36","set-1 KO",60,3,530.666666666667,50.3862856120371,3,5.33333333333333,1.85592145427667,10.0502512562814,3.62518941235181
"220826","KNT-Op51-32","Op51","B36","set-1 KO",90,3,615,21.1266025033211,3,7,2.3094010767585,11.3821138211382,3.77542521037038
"220826","KNT-Op51-32","Op51","B36","set-1 KO",120,3,488,17.925772879665,3,5.33333333333333,1.85592145427667,10.9289617486339,3.82424772901626
"220902","KNT-Op46-13","Op46","OGW1","hH3-K4R",0,3,712,14,3,0.666666666666667,0.333333333333333,0.936329588014981,0.468526667704404
"220902","KNT-Op46-13","Op46","OGW1","hH3-K4R",60,3,605.333333333333,40.3498588734968,3,18.3333333333333,4.371625682868,30.2863436123348,7.49871115329574
"220902","KNT-Op46-13","Op46","OGW1","hH3-K4R",90,3,557.666666666667,12.9914501799367,3,24,3.78593889720018,43.0364614465033,6.86252332914426
"220902","KNT-Op46-13","Op46","OGW1","hH3-K4R",120,3,465.666666666667,14.4376052184718,3,24.6666666666667,2.90593262902712,52.9706513958483,6.45286069168919
"220902","KNT-Op55-25","Op55","OGW1","set-1 KO",0,3,621.666666666667,22.8351580779386,3,3,1.52752523165195,4.82573726541555,2.46353065308658
"220902","KNT-Op55-25","Op55","OGW1","set-1 KO",60,3,566.666666666667,8.41295297608264,3,15,1.52752523165195,26.4705882352941,2.72412906817692
"220902","KNT-Op55-25","Op55","OGW1","set-1 KO",90,3,532.333333333333,14.051492605572,3,23.6666666666667,2.90593262902712,44.4583594239198,5.58357432227616
"220902","KNT-Op55-25","Op55","OGW1","set-1 KO",120,3,547.666666666667,25.8736244937667,3,18.3333333333333,1.45296631451356,33.4753499695679,3.08862102865784
"220902a","KNT-Op46-13","Op46","OGW1","hH3-K4R",0,3,626.333333333333,33.4182252338118,3,0.666666666666667,0.666666666666667,1.06439595529537,1.06590993542629
"220902a","KNT-Op46-13","Op46","OGW1","hH3-K4R",60,3,599.333333333333,53.3552038490884,3,20.3333333333333,2.84800124843918,33.9265850945495,5.63055609109918
"220902a","KNT-Op46-13","Op46","OGW1","hH3-K4R",90,3,519.666666666667,13.6910351852752,3,22.6666666666667,0.881917103688197,43.6177036561899,2.04954113826569
"220902a","KNT-Op46-13","Op46","OGW1","hH3-K4R",120,3,462.666666666667,29.1337909956425,3,21.3333333333333,1.76383420737639,46.1095100864553,4.79207796219066
"220902a","KNT-Op55-25","Op55","OGW1","set-1 KO",0,3,494.333333333333,6.69161996662824,3,1.33333333333333,0.666666666666667,2.69723533378287,1.34911182056204
"220902a","KNT-Op55-25","Op55","OGW1","set-1 KO",60,3,482.666666666667,14.1931125706958,3,14.3333333333333,1.76383420737639,29.6961325966851,3.75723693928873
"220902a","KNT-Op55-25","Op55","OGW1","set-1 KO",90,3,415,12.5033328890074,3,21.6666666666667,1.20185042515466,52.2088353413655,3.29563506924457
"220902a","KNT-Op55-25","Op55","OGW1","set-1 KO",120,3,396.666666666667,4.84194634877798,3,15,1.15470053837925,37.8151260504202,2.94737960181285
"220902b","KNT-Op55-25","Op55","OGW1","set-1 KO",0,3,684,34.1760149812701,3,2.66666666666667,0.881917103688197,3.89863547758285,1.30398426479197
"220902b","KNT-Op55-25","Op55","OGW1","set-1 KO",60,3,579.666666666667,59.7057600050261,3,16,1.73205080756888,27.6020701552616,4.1244349499864
"220902b","KNT-Op55-25","Op55","OGW1","set-1 KO",90,3,488,54.4426303552648,3,11.6666666666667,2.90593262902712,23.9071038251366,6.52480302623924
"220902b","KNT-Op55-25","Op55","OGW1","set-1 KO",120,3,517,11.060440015358,3,17.3333333333333,3.52766841475279,33.5267569310122,6.86093770721435
"221017","KNT-Op46-04","Op46","OGW1","wild-type",0,3,663.333333333333,14.5181878269217,3,0,0,0,NA
"221017","KNT-Op46-04","Op46","OGW1","wild-type",60,3,616,34.4431899413125,3,5.66666666666667,1.85592145427667,9.1991341991342,3.05645080914143
"221017","KNT-Op46-04","Op46","OGW1","wild-type",90,3,659.666666666667,16.3333333333333,3,6.66666666666667,1.20185042515466,10.1061141990905,1.83900892600548
"221017","KNT-Op46-04","Op46","OGW1","wild-type",120,3,603.666666666667,32.9157172858871,3,10.6666666666667,0.333333333333333,17.6697956929873,1.11048463055015
"221017","KNT-Op46-13","Op46","OGW1","hH3-K4R",0,3,626.666666666667,18.2787064944736,3,1.66666666666667,1.20185042515466,2.65957446808511,1.91941469258519
"221017","KNT-Op46-13","Op46","OGW1","hH3-K4R",60,3,640,30.2654919008431,3,18.3333333333333,1.85592145427667,28.6458333333333,3.20068473178983
"221017","KNT-Op46-13","Op46","OGW1","hH3-K4R",90,3,624.333333333333,17.5245859041266,3,27,3.21455025366432,43.2461292044848,5.28993201243692
"221017","KNT-Op46-13","Op46","OGW1","hH3-K4R",120,3,532.333333333333,23.6948189367305,3,30,6.50640709864771,56.3556668753914,12.4771863767484
"221017","KNT-Op55-01","Op55","OGW1","wild-type",0,3,630.666666666667,33.3982700816142,3,0.666666666666667,0.666666666666667,1.05708245243129,1.05856368375703
"221017","KNT-Op55-01","Op55","OGW1","wild-type",60,3,596.333333333333,13.9084306966834,3,3.33333333333333,0.333333333333333,5.58971492453885,0.573973472899142
"221017","KNT-Op55-01","Op55","OGW1","wild-type",90,3,605.333333333333,6.98410894658566,3,6.66666666666667,1.20185042515466,11.0132158590308,1.98949764359075
"221017","KNT-Op55-01","Op55","OGW1","wild-type",120,3,543.666666666667,24.6328597157898,3,11.3333333333333,3.84418753155693,20.8461066830166,7.13365790849964
"221017","KNT-Op55-25","Op55","OGW1","set-1 KO",0,3,514,15.8745078663875,3,0.333333333333333,0.333333333333333,0.648508430609598,0.648817642658761
"221017","KNT-Op55-25","Op55","OGW1","set-1 KO",60,3,462.333333333333,19.2035876277788,3,11.6666666666667,1.45296631451356,25.2343186733958,3.31285984580314
"221017","KNT-Op55-25","Op55","OGW1","set-1 KO",90,3,460.333333333333,22.1835775092998,3,17,0.577350269189626,36.9297610427227,2.17719735640581
"221017","KNT-Op55-25","Op55","OGW1","set-1 KO",120,3,388,16.5025250593154,3,24.3333333333333,4.33333333333333,62.7147766323024,11.4825022081178
"221104","KNT-Op47-23","Op47","B36","hH3-K4R",0,3,592.333333333333,8.68587614719692,3,0,0,0,NA
"221104","KNT-Op47-23","Op47","B36","hH3-K4R",60,3,627.333333333333,12.2519839663261,3,1,0.577350269189626,1.59404888416578,0.920850962447954
"221104","KNT-Op47-23","Op47","B36","hH3-K4R",90,3,479.333333333333,39.1677304820066,3,2.33333333333333,0.333333333333333,4.86787204450626,0.801133522422949
"221104","KNT-Op47-23","Op47","B36","hH3-K4R",120,3,492.666666666667,32.3333333333333,3,2.33333333333333,1.33333333333333,4.7361299052774,2.72415097705048
"221104","KNT-Op51-32","Op51","B36","set-1 KO",0,3,624.666666666667,7.83865067753656,3,0,0,0,NA
"221104","KNT-Op51-32","Op51","B36","set-1 KO",60,3,576,6.11010092660779,3,0.666666666666667,0.333333333333333,1.15740740740741,0.578833927153907
"221104","KNT-Op51-32","Op51","B36","set-1 KO",90,3,519,9.86576572463249,3,2,0,3.85356454720617,0.0732531118063305
"221104","KNT-Op51-32","Op51","B36","set-1 KO",120,3,452.333333333333,13.8604152575279,3,3.33333333333333,1.76383420737639,7.36919675755343,3.90594494760275
"221104","KNT-Op55-25","Op55","OGW1","set-1 KO",0,3,635.666666666667,42.7252202386886,3,0.333333333333333,0.333333333333333,0.524383848977451,0.525566997836537
"221104","KNT-Op55-25","Op55","OGW1","set-1 KO",60,3,509.333333333333,31.6877123047896,3,24.3333333333333,1.66666666666667,47.7748691099476,4.42063558719213
"221104","KNT-Op55-25","Op55","OGW1","set-1 KO",90,3,555.666666666667,34.3721463461979,3,28,3.78593889720018,50.3899220155969,7.49246837683026
"221104","KNT-Op55-25","Op55","OGW1","set-1 KO",120,3,494.333333333333,35.2719592751964,3,32.6666666666667,3.33333333333333,66.0822656776804,8.22810960143093
