Date,Strain,UV_dose,Survival,Revertant
220722,KNT-Op47-01,0,788,0
220722,KNT-Op47-01,0,836,0
220722,KNT-Op47-01,0,646,0
220722,KNT-Op47-01,60,597,0
220722,KNT-Op47-01,60,782,1
220722,KNT-Op47-01,60,610,0
220722,KNT-Op47-01,90,750,0
220722,KNT-Op47-01,90,858,2
220722,KNT-Op47-01,90,795,0
220722,KNT-Op47-01,120,706,1
220722,KNT-Op47-01,120,810,4
220722,KNT-Op47-01,120,747,1
220722,KNT-Op47-23,0,749,0
220722,KNT-Op47-23,0,727,1
220722,KNT-Op47-23,0,720,1
220722,KNT-Op47-23,60,600,1
220722,KNT-Op47-23,60,689,2
220722,KNT-Op47-23,60,590,1
220722,KNT-Op47-23,90,758,9
220722,KNT-Op47-23,90,780,12
220722,KNT-Op47-23,90,672,18
220722,KNT-Op47-23,120,593,22
220722,KNT-Op47-23,120,601,20
220722,KNT-Op47-23,120,591,26
220722,KNT-Op51-17,0,938,1
220722,KNT-Op51-17,0,901,0
220722,KNT-Op51-17,0,899,0
220722,KNT-Op51-17,60,859,2
220722,KNT-Op51-17,60,946,1
220722,KNT-Op51-17,60,830,0
220722,KNT-Op51-17,90,767,2
220722,KNT-Op51-17,90,873,0
220722,KNT-Op51-17,90,814,0
220722,KNT-Op51-17,120,773,4
220722,KNT-Op51-17,120,788,2
220722,KNT-Op51-17,120,743,2
220722,KNT-Op51-32,0,481,0
220722,KNT-Op51-32,0,501,0
220722,KNT-Op51-32,0,490,0
220722,KNT-Op51-32,60,439,2
220722,KNT-Op51-32,60,505,2
220722,KNT-Op51-32,60,432,4
220722,KNT-Op51-32,90,449,8
220722,KNT-Op51-32,90,480,2
220722,KNT-Op51-32,90,479,4
220722,KNT-Op51-32,120,451,7
220722,KNT-Op51-32,120,427,11
220722,KNT-Op51-32,120,183,17
220729,KNT-Op46-04,0,723,1
220729,KNT-Op46-04,0,793,1
220729,KNT-Op46-04,0,721,0
220729,KNT-Op46-04,60,773,3
220729,KNT-Op46-04,60,762,0
220729,KNT-Op46-04,60,697,6
220729,KNT-Op46-04,90,689,10
220729,KNT-Op46-04,90,796,8
220729,KNT-Op46-04,90,647,7
220729,KNT-Op46-04,120,636,9
220729,KNT-Op46-04,120,699,10
220729,KNT-Op46-04,120,660,13
220729,KNT-Op46-13,0,779,2
220729,KNT-Op46-13,0,767,0
220729,KNT-Op46-13,0,727,2
220729,KNT-Op46-13,60,652,33
220729,KNT-Op46-13,60,743,25
220729,KNT-Op46-13,60,656,30
220729,KNT-Op46-13,90,697,46
220729,KNT-Op46-13,90,671,29
220729,KNT-Op46-13,90,664,34
220729,KNT-Op46-13,120,570,50
220729,KNT-Op46-13,120,640,52
220729,KNT-Op46-13,120,513,44
220729,KNT-Op55-01,0,845,0
220729,KNT-Op55-01,0,885,0
220729,KNT-Op55-01,0,789,1
220729,KNT-Op55-01,60,725,4
220729,KNT-Op55-01,60,839,2
220729,KNT-Op55-01,60,780,18
220729,KNT-Op55-01,90,803,7
220729,KNT-Op55-01,90,880,6
220729,KNT-Op55-01,90,844,6
220729,KNT-Op55-01,120,689,43
220729,KNT-Op55-01,120,862,45
220729,KNT-Op55-01,120,715,28
220729,KNT-Op55-25,0,NA,NA
220729,KNT-Op55-25,0,NA,NA
220729,KNT-Op55-25,0,NA,NA
220729,KNT-Op55-25,60,NA,NA
220729,KNT-Op55-25,60,NA,NA
220729,KNT-Op55-25,60,NA,NA
220729,KNT-Op55-25,90,NA,NA
220729,KNT-Op55-25,90,NA,NA
220729,KNT-Op55-25,90,NA,NA
220729,KNT-Op55-25,120,NA,NA
220729,KNT-Op55-25,120,NA,NA
220729,KNT-Op55-25,120,NA,NA
220805,KNT-Op47-01,0,931,1
220805,KNT-Op47-01,0,991,1
220805,KNT-Op47-01,0,946,1
220805,KNT-Op47-01,60,903,1
220805,KNT-Op47-01,60,999,1
220805,KNT-Op47-01,60,826,0
220805,KNT-Op47-01,90,627,2
220805,KNT-Op47-01,90,879,2
220805,KNT-Op47-01,90,703,0
220805,KNT-Op47-01,120,668,4
220805,KNT-Op47-01,120,860,0
220805,KNT-Op47-01,120,704,0
220805,KNT-Op47-23,0,855,1
220805,KNT-Op47-23,0,957,0
220805,KNT-Op47-23,0,778,0
220805,KNT-Op47-23,60,921,10
220805,KNT-Op47-23,60,986,6
220805,KNT-Op47-23,60,919,4
220805,KNT-Op47-23,90,715,8
220805,KNT-Op47-23,90,757,11
220805,KNT-Op47-23,90,721,12
220805,KNT-Op47-23,120,813,43
220805,KNT-Op47-23,120,822,15
220805,KNT-Op47-23,120,765,16
220805,KNT-Op51-17,0,831,0
220805,KNT-Op51-17,0,895,0
220805,KNT-Op51-17,0,828,0
220805,KNT-Op51-17,60,618,1
220805,KNT-Op51-17,60,799,0
220805,KNT-Op51-17,60,683,2
220805,KNT-Op51-17,90,791,1
220805,KNT-Op51-17,90,864,2
220805,KNT-Op51-17,90,751,2
220805,KNT-Op51-17,120,243,1
220805,KNT-Op51-17,120,869,1
220805,KNT-Op51-17,120,679,1
220805,KNT-Op51-32,0,631,2
220805,KNT-Op51-32,0,690,0
220805,KNT-Op51-32,0,624,0
220805,KNT-Op51-32,60,655,15
220805,KNT-Op51-32,60,673,9
220805,KNT-Op51-32,60,628,11
220805,KNT-Op51-32,90,550,14
220805,KNT-Op51-32,90,636,13
220805,KNT-Op51-32,90,567,9
220805,KNT-Op51-32,120,498,20
220805,KNT-Op51-32,120,550,20
220805,KNT-Op51-32,120,519,17
220812,KNT-Op46-04,0,795,0
220812,KNT-Op46-04,0,897,1
220812,KNT-Op46-04,0,839,0
220812,KNT-Op46-04,60,922,0
220812,KNT-Op46-04,60,887,1
220812,KNT-Op46-04,60,907,5
220812,KNT-Op46-04,90,857,7
220812,KNT-Op46-04,90,766,10
220812,KNT-Op46-04,90,848,4
220812,KNT-Op46-04,120,779,3
220812,KNT-Op46-04,120,791,9
220812,KNT-Op46-04,120,782,7
220812,KNT-Op55-01,0,801,2
220812,KNT-Op55-01,0,894,3
220812,KNT-Op55-01,0,916,0
220812,KNT-Op55-01,60,916,3
220812,KNT-Op55-01,60,786,8
220812,KNT-Op55-01,60,854,5
220812,KNT-Op55-01,90,912,7
220812,KNT-Op55-01,90,846,6
220812,KNT-Op55-01,90,748,10
220812,KNT-Op55-01,120,763,12
220812,KNT-Op55-01,120,809,7
220812,KNT-Op55-01,120,900,16
220812,KNT-Op46-13,0,NA,NA
220812,KNT-Op46-13,0,NA,NA
220812,KNT-Op46-13,0,NA,NA
220812,KNT-Op46-13,60,NA,NA
220812,KNT-Op46-13,60,NA,NA
220812,KNT-Op46-13,60,NA,NA
220812,KNT-Op46-13,90,NA,NA
220812,KNT-Op46-13,90,NA,NA
220812,KNT-Op46-13,90,NA,NA
220812,KNT-Op46-13,120,NA,NA
220812,KNT-Op46-13,120,NA,NA
220812,KNT-Op46-13,120,NA,NA
220812,KNT-Op46-13,0,NA,NA
220812,KNT-Op46-13,0,NA,NA
220812,KNT-Op46-13,0,NA,NA
220812,KNT-Op46-13,60,NA,NA
220812,KNT-Op46-13,60,NA,NA
220812,KNT-Op46-13,60,NA,NA
220812,KNT-Op46-13,90,NA,NA
220812,KNT-Op46-13,90,NA,NA
220812,KNT-Op46-13,90,NA,NA
220812,KNT-Op46-13,120,NA,NA
220812,KNT-Op46-13,120,NA,NA
220812,KNT-Op46-13,120,NA,NA
220812,KNT-Op55-25,0,NA,NA
220812,KNT-Op55-25,0,NA,NA
220812,KNT-Op55-25,0,NA,NA
220812,KNT-Op55-25,60,NA,NA
220812,KNT-Op55-25,60,NA,NA
220812,KNT-Op55-25,60,NA,NA
220812,KNT-Op55-25,90,NA,NA
220812,KNT-Op55-25,90,NA,NA
220812,KNT-Op55-25,90,NA,NA
220812,KNT-Op55-25,120,NA,NA
220812,KNT-Op55-25,120,NA,NA
220812,KNT-Op55-25,120,NA,NA
220812,KNT-Op55-25,0,NA,NA
220812,KNT-Op55-25,0,NA,NA
220812,KNT-Op55-25,0,NA,NA
220812,KNT-Op55-25,60,NA,NA
220812,KNT-Op55-25,60,NA,NA
220812,KNT-Op55-25,60,NA,NA
220812,KNT-Op55-25,90,NA,NA
220812,KNT-Op55-25,90,NA,NA
220812,KNT-Op55-25,90,NA,NA
220812,KNT-Op55-25,120,NA,NA
220812,KNT-Op55-25,120,NA,NA
220812,KNT-Op55-25,120,NA,NA
220812,KNT-Op55-25,0,NA,NA
220812,KNT-Op55-25,0,NA,NA
220812,KNT-Op55-25,0,NA,NA
220812,KNT-Op55-25,60,NA,NA
220812,KNT-Op55-25,60,NA,NA
220812,KNT-Op55-25,60,NA,NA
220812,KNT-Op55-25,90,NA,NA
220812,KNT-Op55-25,90,NA,NA
220812,KNT-Op55-25,90,NA,NA
220812,KNT-Op55-25,120,NA,NA
220812,KNT-Op55-25,120,NA,NA
220812,KNT-Op55-25,120,NA,NA
220826,KNT-Op47-01,0,865,0
220826,KNT-Op47-01,0,928,0
220826,KNT-Op47-01,0,919,0
220826,KNT-Op47-01,60,823,2
220826,KNT-Op47-01,60,850,2
220826,KNT-Op47-01,60,794,2
220826,KNT-Op47-01,90,877,1
220826,KNT-Op47-01,90,895,0
220826,KNT-Op47-01,90,783,0
220826,KNT-Op47-01,120,719,0
220826,KNT-Op47-01,120,686,0
220826,KNT-Op47-01,120,799,0
220826,KNT-Op47-23,0,876,0
220826,KNT-Op47-23,0,874,0
220826,KNT-Op47-23,0,859,0
220826,KNT-Op47-23,60,877,2
220826,KNT-Op47-23,60,875,3
220826,KNT-Op47-23,60,867,4
220826,KNT-Op47-23,90,671,0
220826,KNT-Op47-23,90,743,3
220826,KNT-Op47-23,90,725,4
220826,KNT-Op47-23,120,759,5
220826,KNT-Op47-23,120,774,1
220826,KNT-Op47-23,120,738,1
220826,KNT-Op51-17,0,814,0
220826,KNT-Op51-17,0,915,0
220826,KNT-Op51-17,0,905,0
220826,KNT-Op51-17,60,832,0
220826,KNT-Op51-17,60,898,2
220826,KNT-Op51-17,60,848,2
220826,KNT-Op51-17,90,861,1
220826,KNT-Op51-17,90,893,5
220826,KNT-Op51-17,90,633,0
220826,KNT-Op51-17,120,797,6
220826,KNT-Op51-17,120,763,5
220826,KNT-Op51-17,120,782,3
220826,KNT-Op51-32,0,709,0
220826,KNT-Op51-32,0,779,0
220826,KNT-Op51-32,0,689,0
220826,KNT-Op51-32,60,430,3
220826,KNT-Op51-32,60,585,4
220826,KNT-Op51-32,60,577,9
220826,KNT-Op51-32,90,650,7
220826,KNT-Op51-32,90,577,3
220826,KNT-Op51-32,90,618,11
220826,KNT-Op51-32,120,486,9
220826,KNT-Op51-32,120,520,4
220826,KNT-Op51-32,120,458,3
220902,KNT-Op46-13,0,684,1
220902,KNT-Op46-13,0,726,0
220902,KNT-Op46-13,0,726,1
220902,KNT-Op46-13,60,563,13
220902,KNT-Op46-13,60,686,27
220902,KNT-Op46-13,60,567,15
220902,KNT-Op46-13,90,535,23
220902,KNT-Op46-13,90,580,18
220902,KNT-Op46-13,90,558,31
220902,KNT-Op46-13,120,477,20
220902,KNT-Op46-13,120,483,24
220902,KNT-Op46-13,120,437,30
220902a,KNT-Op46-13,0,565,0
220902a,KNT-Op46-13,0,680,0
220902a,KNT-Op46-13,0,634,2
220902a,KNT-Op46-13,60,529,26
220902a,KNT-Op46-13,60,704,18
220902a,KNT-Op46-13,60,565,17
220902a,KNT-Op46-13,90,498,21
220902a,KNT-Op46-13,90,545,24
220902a,KNT-Op46-13,90,516,23
220902a,KNT-Op46-13,120,443,24
220902a,KNT-Op46-13,120,520,18
220902a,KNT-Op46-13,120,425,22
220902,KNT-Op55-25,0,624,6
220902,KNT-Op55-25,0,660,1
220902,KNT-Op55-25,0,581,2
220902,KNT-Op55-25,60,565,12
220902,KNT-Op55-25,60,553,16
220902,KNT-Op55-25,60,582,17
220902,KNT-Op55-25,90,506,23
220902,KNT-Op55-25,90,537,29
220902,KNT-Op55-25,90,554,19
220902,KNT-Op55-25,120,576,16
220902,KNT-Op55-25,120,571,21
220902,KNT-Op55-25,120,496,18
220902a,KNT-Op55-25,0,481,2
220902a,KNT-Op55-25,0,502,2
220902a,KNT-Op55-25,0,500,0
220902a,KNT-Op55-25,60,455,17
220902a,KNT-Op55-25,60,502,15
220902a,KNT-Op55-25,60,491,11
220902a,KNT-Op55-25,90,395,20
220902a,KNT-Op55-25,90,438,21
220902a,KNT-Op55-25,90,412,24
220902a,KNT-Op55-25,120,387,15
220902a,KNT-Op55-25,120,401,17
220902a,KNT-Op55-25,120,402,13
220902b,KNT-Op55-25,0,656,1
220902b,KNT-Op55-25,0,752,3
220902b,KNT-Op55-25,0,644,4
220902b,KNT-Op55-25,60,569,16
220902b,KNT-Op55-25,60,688,19
220902b,KNT-Op55-25,60,482,13
220902b,KNT-Op55-25,90,554,11
220902b,KNT-Op55-25,90,530,7
220902b,KNT-Op55-25,90,380,17
220902b,KNT-Op55-25,120,495,24
220902b,KNT-Op55-25,120,530,16
220902b,KNT-Op55-25,120,526,12
221017,KNT-Op46-04,0,653,0
221017,KNT-Op46-04,0,692,0
221017,KNT-Op46-04,0,645,0
221017,KNT-Op46-04,60,554,2
221017,KNT-Op46-04,60,673,8
221017,KNT-Op46-04,60,621,7
221017,KNT-Op46-04,90,655,9
221017,KNT-Op46-04,90,690,6
221017,KNT-Op46-04,90,634,5
221017,KNT-Op46-04,120,660,11
221017,KNT-Op46-04,120,605,10
221017,KNT-Op46-04,120,546,11
221017,KNT-Op46-13,0,663,4
221017,KNT-Op46-13,0,605,1
221017,KNT-Op46-13,0,612,0
221017,KNT-Op46-13,60,596,17
221017,KNT-Op46-13,60,698,22
221017,KNT-Op46-13,60,626,16
221017,KNT-Op46-13,90,619,22
221017,KNT-Op46-13,90,657,26
221017,KNT-Op46-13,90,597,33
221017,KNT-Op46-13,120,554,24
221017,KNT-Op46-13,120,558,23
221017,KNT-Op46-13,120,485,43
221017,KNT-Op55-01,0,680,2
221017,KNT-Op55-01,0,567,0
221017,KNT-Op55-01,0,645,0
221017,KNT-Op55-01,60,580,4
221017,KNT-Op55-01,60,624,3
221017,KNT-Op55-01,60,585,3
221017,KNT-Op55-01,90,596,6
221017,KNT-Op55-01,90,619,9
221017,KNT-Op55-01,90,601,5
221017,KNT-Op55-01,120,499,4
221017,KNT-Op55-01,120,584,17
221017,KNT-Op55-01,120,548,13
221017,KNT-Op55-25,0,520,0
221017,KNT-Op55-25,0,538,0
221017,KNT-Op55-25,0,484,1
221017,KNT-Op55-25,60,450,12
221017,KNT-Op55-25,60,500,14
221017,KNT-Op55-25,60,437,9
221017,KNT-Op55-25,90,493,18
221017,KNT-Op55-25,90,470,16
221017,KNT-Op55-25,90,418,17
221017,KNT-Op55-25,120,365,24
221017,KNT-Op55-25,120,420,32
221017,KNT-Op55-25,120,379,17
221104,KNT-Op55-25,0,562,0
221104,KNT-Op55-25,0,710,1
221104,KNT-Op55-25,0,635,0
221104,KNT-Op55-25,60,498,26
221104,KNT-Op55-25,60,569,26
221104,KNT-Op55-25,60,461,21
221104,KNT-Op55-25,90,534,21
221104,KNT-Op55-25,90,623,29
221104,KNT-Op55-25,90,510,34
221104,KNT-Op55-25,120,446,26
221104,KNT-Op55-25,120,563,36
221104,KNT-Op55-25,120,474,36
221104,KNT-Op47-23,0,608,0
221104,KNT-Op47-23,0,591,0
221104,KNT-Op47-23,0,578,0
221104,KNT-Op47-23,60,603,1
221104,KNT-Op47-23,60,637,2
221104,KNT-Op47-23,60,642,0
221104,KNT-Op47-23,90,401,2
221104,KNT-Op47-23,90,519,2
221104,KNT-Op47-23,90,518,3
221104,KNT-Op47-23,120,492,5
221104,KNT-Op47-23,120,549,1
221104,KNT-Op47-23,120,437,1
221104,KNT-Op51-32,0,623,0
221104,KNT-Op51-32,0,612,0
221104,KNT-Op51-32,0,639,0
221104,KNT-Op51-32,60,564,1
221104,KNT-Op51-32,60,584,0
221104,KNT-Op51-32,60,580,1
221104,KNT-Op51-32,90,501,2
221104,KNT-Op51-32,90,521,2
221104,KNT-Op51-32,90,535,2
221104,KNT-Op51-32,120,440,6
221104,KNT-Op51-32,120,437,0
221104,KNT-Op51-32,120,480,4
