sample_id	study	mark	track_variant	bigwig_file	display_name	locus_tag	role	chrom	gene_start_1based	gene_end_1based	strand	metric	region_start_1based	region_end_1based	region_length_bp	covered_bases	missing_bases	exact_zero_bases	mean_cpm	max_cpm	nonzero_fraction	genome_percentile_midrank	genome_rank_desc	genome_population_n	reporter_set_rank_desc	reporter_set_n
Ferraro2021_WT_H3K4me1	Ferraro et al. 2021	H3K4me1	nonduplicate	Ferraro2021_WT_H3K4me1.q20.nonduplicate.cpm.bw	pan-2	NCU10048	focal	CM002241.1	3264327	3266119	-	promoter	3265920	3267119	1200	1200	0	321	0.665353	2.075170	0.732500	30.087359	6803.000000	9730	7.000000	7
Ferraro2021_WT_H3K4me1	Ferraro et al. 2021	H3K4me1	nonduplicate	Ferraro2021_WT_H3K4me1.q20.nonduplicate.cpm.bw	pan-2	NCU10048	focal	CM002241.1	3264327	3266119	-	gene_body	3264327	3266119	1793	1793	0	379	0.965830	3.112760	0.788622	31.002055	6714.000000	9730	7.000000	7
Ferraro2021_WT_H3K4me1	Ferraro et al. 2021	H3K4me1	nonduplicate	Ferraro2021_WT_H3K4me1.q20.nonduplicate.cpm.bw	pan-2	NCU10048	focal	CM002241.1	3264327	3266119	-	gene_body_plus_minus_2kb	3262327	3268119	5793	5793	0	650	2.189267	10.894700	0.887796	45.431655	5310.000000	9730	7.000000	7
Ferraro2021_WT_H3K4me1	Ferraro et al. 2021	H3K4me1	nonduplicate	Ferraro2021_WT_H3K4me1.q20.nonduplicate.cpm.bw	ad-3A	NCU03166	alternative	CM002236.1	4771247	4773157	-	promoter	4772958	4774157	1200	1200	0	240	0.902701	3.631550	0.800000	42.564234	5589.000000	9730	5.000000	7
Ferraro2021_WT_H3K4me1	Ferraro et al. 2021	H3K4me1	nonduplicate	Ferraro2021_WT_H3K4me1.q20.nonduplicate.cpm.bw	ad-3A	NCU03166	alternative	CM002236.1	4771247	4773157	-	gene_body	4771247	4773157	1911	1911	0	90	4.568151	15.563800	0.952904	73.561151	2573.000000	9730	4.000000	7
Ferraro2021_WT_H3K4me1	Ferraro et al. 2021	H3K4me1	nonduplicate	Ferraro2021_WT_H3K4me1.q20.nonduplicate.cpm.bw	ad-3A	NCU03166	alternative	CM002236.1	4771247	4773157	-	gene_body_plus_minus_2kb	4769247	4775157	5911	5911	0	650	3.562569	16.601400	0.890036	76.459404	2291.000000	9730	2.000000	7
Ferraro2021_WT_H3K4me1	Ferraro et al. 2021	H3K4me1	nonduplicate	Ferraro2021_WT_H3K4me1.q20.nonduplicate.cpm.bw	ad-3B	NCU03194	alternative	CM002236.1	4864849	4867561	-	promoter	4867362	4868561	1200	1200	0	20	1.456512	3.631550	0.983333	61.135663	3782.000000	9730	3.000000	7
Ferraro2021_WT_H3K4me1	Ferraro et al. 2021	H3K4me1	nonduplicate	Ferraro2021_WT_H3K4me1.q20.nonduplicate.cpm.bw	ad-3B	NCU03194	alternative	CM002236.1	4864849	4867561	-	gene_body	4864849	4867561	2713	2713	0	30	4.615215	14.007400	0.988942	74.064748	2524.000000	9730	3.000000	7
Ferraro2021_WT_H3K4me1	Ferraro et al. 2021	H3K4me1	nonduplicate	Ferraro2021_WT_H3K4me1.q20.nonduplicate.cpm.bw	ad-3B	NCU03194	alternative	CM002236.1	4864849	4867561	-	gene_body_plus_minus_2kb	4862849	4869561	6713	6713	0	471	3.391285	14.007400	0.929838	72.800617	2647.000000	9730	3.000000	7
Ferraro2021_WT_H3K4me1	Ferraro et al. 2021	H3K4me1	nonduplicate	Ferraro2021_WT_H3K4me1.q20.nonduplicate.cpm.bw	ad-8	NCU09789	alternative	CM002241.1	1125094	1129467	-	promoter	1129268	1130467	1200	1200	0	320	0.682646	2.593970	0.733333	31.238438	6691.000000	9730	6.000000	7
Ferraro2021_WT_H3K4me1	Ferraro et al. 2021	H3K4me1	nonduplicate	Ferraro2021_WT_H3K4me1.q20.nonduplicate.cpm.bw	ad-8	NCU09789	alternative	CM002241.1	1125094	1129467	-	gene_body	1125094	1129467	4374	4374	0	167	3.521960	11.413500	0.961820	59.850976	3907.000000	9730	5.000000	7
Ferraro2021_WT_H3K4me1	Ferraro et al. 2021	H3K4me1	nonduplicate	Ferraro2021_WT_H3K4me1.q20.nonduplicate.cpm.bw	ad-8	NCU09789	alternative	CM002241.1	1125094	1129467	-	gene_body_plus_minus_2kb	1123094	1131467	8374	8374	0	870	2.329366	11.413500	0.896107	48.792395	4983.000000	9730	6.000000	7
Ferraro2021_WT_H3K4me1	Ferraro et al. 2021	H3K4me1	nonduplicate	Ferraro2021_WT_H3K4me1.q20.nonduplicate.cpm.bw	mtr	NCU06619	alternative	CM002239.1	1825042	1827519	-	promoter	1827320	1828519	1200	1200	0	249	1.386908	5.187930	0.792500	59.100719	3980.000000	9730	4.000000	7
Ferraro2021_WT_H3K4me1	Ferraro et al. 2021	H3K4me1	nonduplicate	Ferraro2021_WT_H3K4me1.q20.nonduplicate.cpm.bw	mtr	NCU06619	alternative	CM002239.1	1825042	1827519	-	gene_body	1825042	1827519	2478	2478	0	89	7.291790	18.676600	0.964084	95.955807	394.000000	9730	1.000000	7
Ferraro2021_WT_H3K4me1	Ferraro et al. 2021	H3K4me1	nonduplicate	Ferraro2021_WT_H3K4me1.q20.nonduplicate.cpm.bw	mtr	NCU06619	alternative	CM002239.1	1825042	1827519	-	gene_body_plus_minus_2kb	1823042	1829519	6478	6478	0	1469	3.188922	18.676600	0.773232	68.453237	3070.000000	9730	4.000000	7
Ferraro2021_WT_H3K4me1	Ferraro et al. 2021	H3K4me1	nonduplicate	Ferraro2021_WT_H3K4me1.q20.nonduplicate.cpm.bw	his-3	NCU03139	alternative	CM002236.1	4694770	4697885	+	promoter	4693770	4694969	1200	1200	0	250	2.264966	8.819490	0.791667	76.860226	2252.000000	9730	1.000000	7
Ferraro2021_WT_H3K4me1	Ferraro et al. 2021	H3K4me1	nonduplicate	Ferraro2021_WT_H3K4me1.q20.nonduplicate.cpm.bw	his-3	NCU03139	alternative	CM002236.1	4694770	4697885	+	gene_body	4694770	4697885	3116	3116	0	65	3.258442	13.488600	0.979140	56.778006	4206.000000	9730	6.000000	7
Ferraro2021_WT_H3K4me1	Ferraro et al. 2021	H3K4me1	nonduplicate	Ferraro2021_WT_H3K4me1.q20.nonduplicate.cpm.bw	his-3	NCU03139	alternative	CM002236.1	4694770	4697885	+	gene_body_plus_minus_2kb	4692770	4699885	7116	7116	0	810	2.734820	13.488600	0.886172	58.504625	4038.000000	9730	5.000000	7
Ferraro2021_WT_H3K4me1	Ferraro et al. 2021	H3K4me1	nonduplicate	Ferraro2021_WT_H3K4me1.q20.nonduplicate.cpm.bw	csr-1	NCU00726	exploratory	CM002236.1	7403946	7406381	-	promoter	7406182	7407381	1200	1200	0	20	2.144346	5.187930	0.983333	75.071942	2426.000000	9730	2.000000	7
Ferraro2021_WT_H3K4me1	Ferraro et al. 2021	H3K4me1	nonduplicate	Ferraro2021_WT_H3K4me1.q20.nonduplicate.cpm.bw	csr-1	NCU00726	exploratory	CM002236.1	7403946	7406381	-	gene_body	7403946	7406381	2436	2436	0	70	5.582568	16.082600	0.971264	85.369990	1424.000000	9730	2.000000	7
Ferraro2021_WT_H3K4me1	Ferraro et al. 2021	H3K4me1	nonduplicate	Ferraro2021_WT_H3K4me1.q20.nonduplicate.cpm.bw	csr-1	NCU00726	exploratory	CM002236.1	7403946	7406381	-	gene_body_plus_minus_2kb	7401946	7408381	6436	6436	0	150	5.027848	16.082600	0.976694	94.105858	574.000000	9730	1.000000	7
Ferraro2021_WT_H3K4me2	Ferraro et al. 2021	H3K4me2	nonduplicate	Ferraro2021_WT_H3K4me2.q20.nonduplicate.cpm.bw	pan-2	NCU10048	focal	CM002241.1	3264327	3266119	-	promoter	3265920	3267119	1200	1200	0	1200	0.000000	0.000000	0.000000	4.758479	9267.500000	9730	7.000000	7
Ferraro2021_WT_H3K4me2	Ferraro et al. 2021	H3K4me2	nonduplicate	Ferraro2021_WT_H3K4me2.q20.nonduplicate.cpm.bw	pan-2	NCU10048	focal	CM002241.1	3264327	3266119	-	gene_body	3264327	3266119	1793	1793	0	1363	0.396209	1.652100	0.239822	39.768756	5861.000000	9730	7.000000	7
Ferraro2021_WT_H3K4me2	Ferraro et al. 2021	H3K4me2	nonduplicate	Ferraro2021_WT_H3K4me2.q20.nonduplicate.cpm.bw	pan-2	NCU10048	focal	CM002241.1	3264327	3266119	-	gene_body_plus_minus_2kb	3262327	3268119	5793	5793	0	4184	1.139901	16.521000	0.277749	38.453237	5989.000000	9730	7.000000	7
Ferraro2021_WT_H3K4me2	Ferraro et al. 2021	H3K4me2	nonduplicate	Ferraro2021_WT_H3K4me2.q20.nonduplicate.cpm.bw	ad-3A	NCU03166	alternative	CM002236.1	4771247	4773157	-	promoter	4772958	4774157	1200	1200	0	1047	0.242308	3.304210	0.127500	34.835560	6341.000000	9730	6.000000	7
Ferraro2021_WT_H3K4me2	Ferraro et al. 2021	H3K4me2	nonduplicate	Ferraro2021_WT_H3K4me2.q20.nonduplicate.cpm.bw	ad-3A	NCU03166	alternative	CM002236.1	4771247	4773157	-	gene_body	4771247	4773157	1911	1911	0	841	1.763626	8.260520	0.559916	56.140802	4268.000000	9730	4.000000	7
Ferraro2021_WT_H3K4me2	Ferraro et al. 2021	H3K4me2	nonduplicate	Ferraro2021_WT_H3K4me2.q20.nonduplicate.cpm.bw	ad-3A	NCU03166	alternative	CM002236.1	4771247	4773157	-	gene_body_plus_minus_2kb	4769247	4775157	5911	5911	0	3730	1.481330	14.868900	0.368973	41.536485	5689.000000	9730	5.000000	7
Ferraro2021_WT_H3K4me2	Ferraro et al. 2021	H3K4me2	nonduplicate	Ferraro2021_WT_H3K4me2.q20.nonduplicate.cpm.bw	ad-3B	NCU03194	alternative	CM002236.1	4864849	4867561	-	promoter	4867362	4868561	1200	1200	0	931	0.479110	3.304210	0.224167	49.172662	4946.000000	9730	4.000000	7
Ferraro2021_WT_H3K4me2	Ferraro et al. 2021	H3K4me2	nonduplicate	Ferraro2021_WT_H3K4me2.q20.nonduplicate.cpm.bw	ad-3B	NCU03194	alternative	CM002236.1	4864849	4867561	-	gene_body	4864849	4867561	2713	2713	0	1643	1.546753	11.564700	0.394397	55.236382	4356.000000	9730	5.000000	7
Ferraro2021_WT_H3K4me2	Ferraro et al. 2021	H3K4me2	nonduplicate	Ferraro2021_WT_H3K4me2.q20.nonduplicate.cpm.bw	ad-3B	NCU03194	alternative	CM002236.1	4864849	4867561	-	gene_body_plus_minus_2kb	4862849	4869561	6713	6713	0	3893	2.278931	16.521000	0.420080	50.632066	4804.000000	9730	4.000000	7
Ferraro2021_WT_H3K4me2	Ferraro et al. 2021	H3K4me2	nonduplicate	Ferraro2021_WT_H3K4me2.q20.nonduplicate.cpm.bw	ad-8	NCU09789	alternative	CM002241.1	1125094	1129467	-	promoter	1129268	1130467	1200	1200	0	1007	0.307015	3.304210	0.160833	38.597122	5975.000000	9730	5.000000	7
Ferraro2021_WT_H3K4me2	Ferraro et al. 2021	H3K4me2	nonduplicate	Ferraro2021_WT_H3K4me2.q20.nonduplicate.cpm.bw	ad-8	NCU09789	alternative	CM002241.1	1125094	1129467	-	gene_body	1125094	1129467	4374	4374	0	1074	5.597655	24.781601	0.754458	72.142857	2711.000000	9730	2.000000	7
Ferraro2021_WT_H3K4me2	Ferraro et al. 2021	H3K4me2	nonduplicate	Ferraro2021_WT_H3K4me2.q20.nonduplicate.cpm.bw	ad-8	NCU09789	alternative	CM002241.1	1125094	1129467	-	gene_body_plus_minus_2kb	1123094	1131467	8374	8374	0	4207	3.102179	24.781601	0.497612	62.019527	3696.000000	9730	3.000000	7
Ferraro2021_WT_H3K4me2	Ferraro et al. 2021	H3K4me2	nonduplicate	Ferraro2021_WT_H3K4me2.q20.nonduplicate.cpm.bw	mtr	NCU06619	alternative	CM002239.1	1825042	1827519	-	promoter	1827320	1828519	1200	1200	0	689	1.102779	4.956310	0.425833	61.937307	3704.000000	9730	3.000000	7
Ferraro2021_WT_H3K4me2	Ferraro et al. 2021	H3K4me2	nonduplicate	Ferraro2021_WT_H3K4me2.q20.nonduplicate.cpm.bw	mtr	NCU06619	alternative	CM002239.1	1825042	1827519	-	gene_body	1825042	1827519	2478	2478	0	659	2.525490	8.260520	0.734060	58.905447	3999.000000	9730	3.000000	7
Ferraro2021_WT_H3K4me2	Ferraro et al. 2021	H3K4me2	nonduplicate	Ferraro2021_WT_H3K4me2.q20.nonduplicate.cpm.bw	mtr	NCU06619	alternative	CM002239.1	1825042	1827519	-	gene_body_plus_minus_2kb	1823042	1829519	6478	6478	0	3938	1.165500	8.260520	0.392096	38.627955	5972.000000	9730	6.000000	7
Ferraro2021_WT_H3K4me2	Ferraro et al. 2021	H3K4me2	nonduplicate	Ferraro2021_WT_H3K4me2.q20.nonduplicate.cpm.bw	his-3	NCU03139	alternative	CM002236.1	4694770	4697885	+	promoter	4693770	4694969	1200	1200	0	649	7.106796	33.042099	0.459167	91.145940	862.000000	9730	2.000000	7
Ferraro2021_WT_H3K4me2	Ferraro et al. 2021	H3K4me2	nonduplicate	Ferraro2021_WT_H3K4me2.q20.nonduplicate.cpm.bw	his-3	NCU03139	alternative	CM002236.1	4694770	4697885	+	gene_body	4694770	4697885	3116	3116	0	1795	1.087440	9.912620	0.423941	52.327852	4639.000000	9730	6.000000	7
Ferraro2021_WT_H3K4me2	Ferraro et al. 2021	H3K4me2	nonduplicate	Ferraro2021_WT_H3K4me2.q20.nonduplicate.cpm.bw	his-3	NCU03139	alternative	CM002236.1	4694770	4697885	+	gene_body_plus_minus_2kb	4692770	4699885	7116	7116	0	3890	3.103612	33.042099	0.453345	62.050360	3693.000000	9730	2.000000	7
Ferraro2021_WT_H3K4me2	Ferraro et al. 2021	H3K4me2	nonduplicate	Ferraro2021_WT_H3K4me2.q20.nonduplicate.cpm.bw	csr-1	NCU00726	exploratory	CM002236.1	7403946	7406381	-	promoter	7406182	7407381	1200	1200	0	90	8.756137	24.781601	0.925000	94.383350	547.000000	9730	1.000000	7
Ferraro2021_WT_H3K4me2	Ferraro et al. 2021	H3K4me2	nonduplicate	Ferraro2021_WT_H3K4me2.q20.nonduplicate.cpm.bw	csr-1	NCU00726	exploratory	CM002236.1	7403946	7406381	-	gene_body	7403946	7406381	2436	2436	0	790	6.840354	29.737900	0.675698	79.429599	2002.000000	9730	1.000000	7
Ferraro2021_WT_H3K4me2	Ferraro et al. 2021	H3K4me2	nonduplicate	Ferraro2021_WT_H3K4me2.q20.nonduplicate.cpm.bw	csr-1	NCU00726	exploratory	CM002236.1	7403946	7406381	-	gene_body_plus_minus_2kb	7401946	7408381	6436	6436	0	880	8.943322	29.737900	0.863269	98.617677	135.000000	9730	1.000000	7
Sasaki2014_WT_H3K4me2	Sasaki et al. 2014	H3K4me2	nonduplicate	Sasaki2014_WT_H3K4me2.q20.nonduplicate.cpm.bw	pan-2	NCU10048	focal	CM002241.1	3264327	3266119	-	promoter	3265920	3267119	1200	1200	0	310	0.421152	1.587590	0.741667	25.976362	7203.000000	9730	7.000000	7
Sasaki2014_WT_H3K4me2	Sasaki et al. 2014	H3K4me2	nonduplicate	Sasaki2014_WT_H3K4me2.q20.nonduplicate.cpm.bw	pan-2	NCU10048	focal	CM002241.1	3264327	3266119	-	gene_body	3264327	3266119	1793	1793	0	324	0.482268	1.587590	0.819297	34.876670	6337.000000	9730	7.000000	7
Sasaki2014_WT_H3K4me2	Sasaki et al. 2014	H3K4me2	nonduplicate	Sasaki2014_WT_H3K4me2.q20.nonduplicate.cpm.bw	pan-2	NCU10048	focal	CM002241.1	3264327	3266119	-	gene_body_plus_minus_2kb	3262327	3268119	5793	5793	0	870	1.113432	9.790140	0.849819	40.786228	5762.000000	9730	6.000000	7
Sasaki2014_WT_H3K4me2	Sasaki et al. 2014	H3K4me2	nonduplicate	Sasaki2014_WT_H3K4me2.q20.nonduplicate.cpm.bw	ad-3A	NCU03166	alternative	CM002236.1	4771247	4773157	-	promoter	4772958	4774157	1200	1200	0	290	0.455550	1.587590	0.758333	30.364851	6776.000000	9730	6.000000	7
Sasaki2014_WT_H3K4me2	Sasaki et al. 2014	H3K4me2	nonduplicate	Sasaki2014_WT_H3K4me2.q20.nonduplicate.cpm.bw	ad-3A	NCU03166	alternative	CM002236.1	4771247	4773157	-	gene_body	4771247	4773157	1911	1911	0	190	0.778564	2.116790	0.900576	49.429599	4921.000000	9730	5.000000	7
Sasaki2014_WT_H3K4me2	Sasaki et al. 2014	H3K4me2	nonduplicate	Sasaki2014_WT_H3K4me2.q20.nonduplicate.cpm.bw	ad-3A	NCU03166	alternative	CM002236.1	4771247	4773157	-	gene_body_plus_minus_2kb	4769247	4775157	5911	5911	0	730	0.851540	4.498170	0.876501	35.822199	6245.000000	9730	7.000000	7
Sasaki2014_WT_H3K4me2	Sasaki et al. 2014	H3K4me2	nonduplicate	Sasaki2014_WT_H3K4me2.q20.nonduplicate.cpm.bw	ad-3B	NCU03194	alternative	CM002236.1	4864849	4867561	-	promoter	4867362	4868561	1200	1200	0	70	0.773509	2.381390	0.941667	54.403905	4437.000000	9730	3.000000	7
Sasaki2014_WT_H3K4me2	Sasaki et al. 2014	H3K4me2	nonduplicate	Sasaki2014_WT_H3K4me2.q20.nonduplicate.cpm.bw	ad-3B	NCU03194	alternative	CM002236.1	4864849	4867561	-	gene_body	4864849	4867561	2713	2713	0	220	1.006897	3.175180	0.918909	52.471737	4625.000000	9730	4.000000	7
Sasaki2014_WT_H3K4me2	Sasaki et al. 2014	H3K4me2	nonduplicate	Sasaki2014_WT_H3K4me2.q20.nonduplicate.cpm.bw	ad-3B	NCU03194	alternative	CM002236.1	4864849	4867561	-	gene_body_plus_minus_2kb	4862849	4869561	6713	6713	0	600	1.785496	10.583900	0.910621	56.253854	4257.000000	9730	4.000000	7
Sasaki2014_WT_H3K4me2	Sasaki et al. 2014	H3K4me2	nonduplicate	Sasaki2014_WT_H3K4me2.q20.nonduplicate.cpm.bw	ad-8	NCU09789	alternative	CM002241.1	1125094	1129467	-	promoter	1129268	1130467	1200	1200	0	77	0.523022	1.322990	0.935833	38.021583	6031.000000	9730	5.000000	7
Sasaki2014_WT_H3K4me2	Sasaki et al. 2014	H3K4me2	nonduplicate	Sasaki2014_WT_H3K4me2.q20.nonduplicate.cpm.bw	ad-8	NCU09789	alternative	CM002241.1	1125094	1129467	-	gene_body	1125094	1129467	4374	4374	0	320	3.349462	10.054700	0.926840	71.742035	2750.000000	9730	2.000000	7
Sasaki2014_WT_H3K4me2	Sasaki et al. 2014	H3K4me2	nonduplicate	Sasaki2014_WT_H3K4me2.q20.nonduplicate.cpm.bw	ad-8	NCU09789	alternative	CM002241.1	1125094	1129467	-	gene_body_plus_minus_2kb	1123094	1131467	8374	8374	0	1087	1.953174	10.054700	0.870193	60.734841	3821.000000	9730	2.000000	7
Sasaki2014_WT_H3K4me2	Sasaki et al. 2014	H3K4me2	nonduplicate	Sasaki2014_WT_H3K4me2.q20.nonduplicate.cpm.bw	mtr	NCU06619	alternative	CM002239.1	1825042	1827519	-	promoter	1827320	1828519	1200	1200	0	160	0.682884	2.645980	0.866667	50.364851	4830.000000	9730	4.000000	7
Sasaki2014_WT_H3K4me2	Sasaki et al. 2014	H3K4me2	nonduplicate	Sasaki2014_WT_H3K4me2.q20.nonduplicate.cpm.bw	mtr	NCU06619	alternative	CM002239.1	1825042	1827519	-	gene_body	1825042	1827519	2478	2478	0	0	2.954255	6.085760	1.000000	67.641316	3149.000000	9730	3.000000	7
Sasaki2014_WT_H3K4me2	Sasaki et al. 2014	H3K4me2	nonduplicate	Sasaki2014_WT_H3K4me2.q20.nonduplicate.cpm.bw	mtr	NCU06619	alternative	CM002239.1	1825042	1827519	-	gene_body_plus_minus_2kb	1823042	1829519	6478	6478	0	659	1.457211	6.085760	0.898271	48.134635	5047.000000	9730	5.000000	7
Sasaki2014_WT_H3K4me2	Sasaki et al. 2014	H3K4me2	nonduplicate	Sasaki2014_WT_H3K4me2.q20.nonduplicate.cpm.bw	his-3	NCU03139	alternative	CM002236.1	4694770	4697885	+	promoter	4693770	4694969	1200	1200	0	0	4.255617	14.288300	1.000000	91.382323	839.000000	9730	2.000000	7
Sasaki2014_WT_H3K4me2	Sasaki et al. 2014	H3K4me2	nonduplicate	Sasaki2014_WT_H3K4me2.q20.nonduplicate.cpm.bw	his-3	NCU03139	alternative	CM002236.1	4694770	4697885	+	gene_body	4694770	4697885	3116	3116	0	570	0.599507	1.852190	0.817073	43.211716	5526.000000	9730	6.000000	7
Sasaki2014_WT_H3K4me2	Sasaki et al. 2014	H3K4me2	nonduplicate	Sasaki2014_WT_H3K4me2.q20.nonduplicate.cpm.bw	his-3	NCU03139	alternative	CM002236.1	4694770	4697885	+	gene_body_plus_minus_2kb	4692770	4699885	7116	7116	0	960	1.828018	14.288300	0.865093	57.261048	4159.000000	9730	3.000000	7
Sasaki2014_WT_H3K4me2	Sasaki et al. 2014	H3K4me2	nonduplicate	Sasaki2014_WT_H3K4me2.q20.nonduplicate.cpm.bw	csr-1	NCU00726	exploratory	CM002236.1	7403946	7406381	-	promoter	7406182	7407381	1200	1200	0	0	5.369798	10.583900	1.000000	95.472765	441.000000	9730	1.000000	7
Sasaki2014_WT_H3K4me2	Sasaki et al. 2014	H3K4me2	nonduplicate	Sasaki2014_WT_H3K4me2.q20.nonduplicate.cpm.bw	csr-1	NCU00726	exploratory	CM002236.1	7403946	7406381	-	gene_body	7403946	7406381	2436	2436	0	0	4.187192	11.377700	1.000000	81.330935	1817.000000	9730	1.000000	7
Sasaki2014_WT_H3K4me2	Sasaki et al. 2014	H3K4me2	nonduplicate	Sasaki2014_WT_H3K4me2.q20.nonduplicate.cpm.bw	csr-1	NCU00726	exploratory	CM002236.1	7403946	7406381	-	gene_body_plus_minus_2kb	7401946	7408381	6436	6436	0	0	5.051582	11.377700	1.000000	98.371017	159.000000	9730	1.000000	7
Ferraro2021_WT_H3K4me3	Ferraro et al. 2021	H3K4me3	nonduplicate	Ferraro2021_WT_H3K4me3.q20.nonduplicate.cpm.bw	pan-2	NCU10048	focal	CM002241.1	3264327	3266119	-	promoter	3265920	3267119	1200	1200	0	1040	0.873521	6.551410	0.133333	46.485098	5207.500000	9730	5.000000	7
Ferraro2021_WT_H3K4me3	Ferraro et al. 2021	H3K4me3	nonduplicate	Ferraro2021_WT_H3K4me3.q20.nonduplicate.cpm.bw	pan-2	NCU10048	focal	CM002241.1	3264327	3266119	-	gene_body	3264327	3266119	1793	1793	0	1713	0.292311	6.551410	0.044618	16.870504	8089.000000	9730	7.000000	7
Ferraro2021_WT_H3K4me3	Ferraro et al. 2021	H3K4me3	nonduplicate	Ferraro2021_WT_H3K4me3.q20.nonduplicate.cpm.bw	pan-2	NCU10048	focal	CM002241.1	3264327	3266119	-	gene_body_plus_minus_2kb	3262327	3268119	5793	5793	0	4684	2.564920	39.308399	0.191438	63.232271	3578.000000	9730	5.000000	7
Ferraro2021_WT_H3K4me3	Ferraro et al. 2021	H3K4me3	nonduplicate	Ferraro2021_WT_H3K4me3.q20.nonduplicate.cpm.bw	ad-3A	NCU03166	alternative	CM002236.1	4771247	4773157	-	promoter	4772958	4774157	1200	1200	0	867	1.818016	6.551410	0.277500	73.016444	2626.000000	9730	3.000000	7
Ferraro2021_WT_H3K4me3	Ferraro et al. 2021	H3K4me3	nonduplicate	Ferraro2021_WT_H3K4me3.q20.nonduplicate.cpm.bw	ad-3A	NCU03166	alternative	CM002236.1	4771247	4773157	-	gene_body	4771247	4773157	1911	1911	0	1571	1.165609	6.551410	0.177917	55.554985	4325.000000	9730	5.000000	7
Ferraro2021_WT_H3K4me3	Ferraro et al. 2021	H3K4me3	nonduplicate	Ferraro2021_WT_H3K4me3.q20.nonduplicate.cpm.bw	ad-3A	NCU03166	alternative	CM002236.1	4771247	4773157	-	gene_body_plus_minus_2kb	4769247	4775157	5911	5911	0	5044	0.960933	6.551410	0.146676	40.734841	5767.000000	9730	6.000000	7
Ferraro2021_WT_H3K4me3	Ferraro et al. 2021	H3K4me3	nonduplicate	Ferraro2021_WT_H3K4me3.q20.nonduplicate.cpm.bw	ad-3B	NCU03194	alternative	CM002236.1	4864849	4867561	-	promoter	4867362	4868561	1200	1200	0	1050	1.364876	19.654200	0.125000	63.437821	3558.000000	9730	4.000000	7
Ferraro2021_WT_H3K4me3	Ferraro et al. 2021	H3K4me3	nonduplicate	Ferraro2021_WT_H3K4me3.q20.nonduplicate.cpm.bw	ad-3B	NCU03194	alternative	CM002236.1	4864849	4867561	-	gene_body	4864849	4867561	2713	2713	0	2223	1.183262	6.551410	0.180612	56.017472	4280.000000	9730	4.000000	7
Ferraro2021_WT_H3K4me3	Ferraro et al. 2021	H3K4me3	nonduplicate	Ferraro2021_WT_H3K4me3.q20.nonduplicate.cpm.bw	ad-3B	NCU03194	alternative	CM002236.1	4864849	4867561	-	gene_body_plus_minus_2kb	4862849	4869561	6713	6713	0	5003	3.542617	52.411201	0.254730	73.304214	2598.000000	9730	3.000000	7
Ferraro2021_WT_H3K4me3	Ferraro et al. 2021	H3K4me3	nonduplicate	Ferraro2021_WT_H3K4me3.q20.nonduplicate.cpm.bw	ad-8	NCU09789	alternative	CM002241.1	1125094	1129467	-	promoter	1129268	1130467	1200	1200	0	1117	0.453139	6.551410	0.069167	29.815005	6829.500000	9730	6.000000	7
Ferraro2021_WT_H3K4me3	Ferraro et al. 2021	H3K4me3	nonduplicate	Ferraro2021_WT_H3K4me3.q20.nonduplicate.cpm.bw	ad-8	NCU09789	alternative	CM002241.1	1125094	1129467	-	gene_body	1125094	1129467	4374	4374	0	2424	6.874928	58.962700	0.445816	86.017472	1361.000000	9730	1.000000	7
Ferraro2021_WT_H3K4me3	Ferraro et al. 2021	H3K4me3	nonduplicate	Ferraro2021_WT_H3K4me3.q20.nonduplicate.cpm.bw	ad-8	NCU09789	alternative	CM002241.1	1125094	1129467	-	gene_body_plus_minus_2kb	1123094	1131467	8374	8374	0	6174	3.786576	58.962700	0.262718	75.524152	2382.000000	9730	2.000000	7
Ferraro2021_WT_H3K4me3	Ferraro et al. 2021	H3K4me3	nonduplicate	Ferraro2021_WT_H3K4me3.q20.nonduplicate.cpm.bw	mtr	NCU06619	alternative	CM002239.1	1825042	1827519	-	promoter	1827320	1828519	1200	1200	0	1200	0.000000	0.000000	0.000000	7.667009	8984.500000	9730	7.000000	7
Ferraro2021_WT_H3K4me3	Ferraro et al. 2021	H3K4me3	nonduplicate	Ferraro2021_WT_H3K4me3.q20.nonduplicate.cpm.bw	mtr	NCU06619	alternative	CM002239.1	1825042	1827519	-	gene_body	1825042	1827519	2478	2478	0	2168	0.925340	13.102800	0.125101	48.884892	4974.000000	9730	6.000000	7
Ferraro2021_WT_H3K4me3	Ferraro et al. 2021	H3K4me3	nonduplicate	Ferraro2021_WT_H3K4me3.q20.nonduplicate.cpm.bw	mtr	NCU06619	alternative	CM002239.1	1825042	1827519	-	gene_body_plus_minus_2kb	1823042	1829519	6478	6478	0	6168	0.353966	13.102800	0.047854	7.034943	9046.000000	9730	7.000000	7
Ferraro2021_WT_H3K4me3	Ferraro et al. 2021	H3K4me3	nonduplicate	Ferraro2021_WT_H3K4me3.q20.nonduplicate.cpm.bw	his-3	NCU03139	alternative	CM002236.1	4694770	4697885	+	promoter	4693770	4694969	1200	1200	0	719	3.838031	19.654200	0.400833	85.894142	1373.000000	9730	2.000000	7
Ferraro2021_WT_H3K4me3	Ferraro et al. 2021	H3K4me3	nonduplicate	Ferraro2021_WT_H3K4me3.q20.nonduplicate.cpm.bw	his-3	NCU03139	alternative	CM002236.1	4694770	4697885	+	gene_body	4694770	4697885	3116	3116	0	2396	1.576880	13.102800	0.231065	62.163412	3682.000000	9730	3.000000	7
Ferraro2021_WT_H3K4me3	Ferraro et al. 2021	H3K4me3	nonduplicate	Ferraro2021_WT_H3K4me3.q20.nonduplicate.cpm.bw	his-3	NCU03139	alternative	CM002236.1	4694770	4697885	+	gene_body_plus_minus_2kb	4692770	4699885	7116	7116	0	5136	3.194684	45.859798	0.278246	69.583762	2960.000000	9730	4.000000	7
Ferraro2021_WT_H3K4me3	Ferraro et al. 2021	H3K4me3	nonduplicate	Ferraro2021_WT_H3K4me3.q20.nonduplicate.cpm.bw	csr-1	NCU00726	exploratory	CM002236.1	7403946	7406381	-	promoter	7406182	7407381	1200	1200	0	269	12.949937	39.308399	0.775833	97.117163	281.000000	9730	1.000000	7
Ferraro2021_WT_H3K4me3	Ferraro et al. 2021	H3K4me3	nonduplicate	Ferraro2021_WT_H3K4me3.q20.nonduplicate.cpm.bw	csr-1	NCU00726	exploratory	CM002236.1	7403946	7406381	-	gene_body	7403946	7406381	2436	2436	0	1481	3.213847	19.654200	0.392036	72.173690	2708.000000	9730	2.000000	7
Ferraro2021_WT_H3K4me3	Ferraro et al. 2021	H3K4me3	nonduplicate	Ferraro2021_WT_H3K4me3.q20.nonduplicate.cpm.bw	csr-1	NCU00726	exploratory	CM002236.1	7403946	7406381	-	gene_body_plus_minus_2kb	7401946	7408381	6436	6436	0	3116	6.636909	39.308399	0.515848	92.430627	737.000000	9730	1.000000	7
Storck2020_WT_H3K4me3	Storck et al. 2020	H3K4me3	nonduplicate	Storck2020_WT_H3K4me3.q20.nonduplicate.cpm.bw	pan-2	NCU10048	focal	CM002241.1	3264327	3266119	-	promoter	3265920	3267119	1200	1200	0	0	1.555230	2.823890	1.000000	37.199383	6111.000000	9730	4.000000	7
Storck2020_WT_H3K4me3	Storck et al. 2020	H3K4me3	nonduplicate	Storck2020_WT_H3K4me3.q20.nonduplicate.cpm.bw	pan-2	NCU10048	focal	CM002241.1	3264327	3266119	-	gene_body	3264327	3266119	1793	1793	0	0	1.313684	2.823890	1.000000	10.673176	8692.000000	9730	7.000000	7
Storck2020_WT_H3K4me3	Storck et al. 2020	H3K4me3	nonduplicate	Storck2020_WT_H3K4me3.q20.nonduplicate.cpm.bw	pan-2	NCU10048	focal	CM002241.1	3264327	3266119	-	gene_body_plus_minus_2kb	3262327	3268119	5793	5793	0	0	1.949049	8.942300	1.000000	52.523124	4620.000000	9730	5.000000	7
Storck2020_WT_H3K4me3	Storck et al. 2020	H3K4me3	nonduplicate	Storck2020_WT_H3K4me3.q20.nonduplicate.cpm.bw	ad-3A	NCU03166	alternative	CM002236.1	4771247	4773157	-	promoter	4772958	4774157	1200	1200	0	0	1.323828	2.039470	1.000000	8.186023	8934.000000	9730	7.000000	7
Storck2020_WT_H3K4me3	Storck et al. 2020	H3K4me3	nonduplicate	Storck2020_WT_H3K4me3.q20.nonduplicate.cpm.bw	ad-3A	NCU03166	alternative	CM002236.1	4771247	4773157	-	gene_body	4771247	4773157	1911	1911	0	0	1.401435	2.823890	1.000000	19.922919	7792.000000	9730	6.000000	7
Storck2020_WT_H3K4me3	Storck et al. 2020	H3K4me3	nonduplicate	Storck2020_WT_H3K4me3.q20.nonduplicate.cpm.bw	ad-3A	NCU03166	alternative	CM002236.1	4771247	4773157	-	gene_body_plus_minus_2kb	4769247	4775157	5911	5911	0	0	1.458417	2.980770	1.000000	15.935252	8180.000000	9730	7.000000	7
Storck2020_WT_H3K4me3	Storck et al. 2020	H3K4me3	nonduplicate	Storck2020_WT_H3K4me3.q20.nonduplicate.cpm.bw	ad-3B	NCU03194	alternative	CM002236.1	4864849	4867561	-	promoter	4867362	4868561	1200	1200	0	0	1.660079	2.667000	1.000000	52.142857	4657.000000	9730	3.000000	7
Storck2020_WT_H3K4me3	Storck et al. 2020	H3K4me3	nonduplicate	Storck2020_WT_H3K4me3.q20.nonduplicate.cpm.bw	ad-3B	NCU03194	alternative	CM002236.1	4864849	4867561	-	gene_body	4864849	4867561	2713	2713	0	0	1.774051	3.137650	1.000000	57.589928	4127.000000	9730	3.000000	7
Storck2020_WT_H3K4me3	Storck et al. 2020	H3K4me3	nonduplicate	Storck2020_WT_H3K4me3.q20.nonduplicate.cpm.bw	ad-3B	NCU03194	alternative	CM002236.1	4864849	4867561	-	gene_body_plus_minus_2kb	4862849	4869561	6713	6713	0	110	2.357749	9.099190	0.983614	66.634121	3247.000000	9730	3.000000	7
Storck2020_WT_H3K4me3	Storck et al. 2020	H3K4me3	nonduplicate	Storck2020_WT_H3K4me3.q20.nonduplicate.cpm.bw	ad-8	NCU09789	alternative	CM002241.1	1125094	1129467	-	promoter	1129268	1130467	1200	1200	0	0	1.443320	3.294530	1.000000	20.457348	7740.000000	9730	5.000000	7
Storck2020_WT_H3K4me3	Storck et al. 2020	H3K4me3	nonduplicate	Storck2020_WT_H3K4me3.q20.nonduplicate.cpm.bw	ad-8	NCU09789	alternative	CM002241.1	1125094	1129467	-	gene_body	1125094	1129467	4374	4374	0	0	3.515834	10.197400	1.000000	83.705036	1586.000000	9730	1.000000	7
Storck2020_WT_H3K4me3	Storck et al. 2020	H3K4me3	nonduplicate	Storck2020_WT_H3K4me3.q20.nonduplicate.cpm.bw	ad-8	NCU09789	alternative	CM002241.1	1125094	1129467	-	gene_body_plus_minus_2kb	1123094	1131467	8374	8374	0	0	2.492286	10.197400	1.000000	71.228160	2800.000000	9730	2.000000	7
Storck2020_WT_H3K4me3	Storck et al. 2020	H3K4me3	nonduplicate	Storck2020_WT_H3K4me3.q20.nonduplicate.cpm.bw	mtr	NCU06619	alternative	CM002239.1	1825042	1827519	-	promoter	1827320	1828519	1200	1200	0	0	1.358734	2.667000	1.000000	11.053443	8655.000000	9730	6.000000	7
Storck2020_WT_H3K4me3	Storck et al. 2020	H3K4me3	nonduplicate	Storck2020_WT_H3K4me3.q20.nonduplicate.cpm.bw	mtr	NCU06619	alternative	CM002239.1	1825042	1827519	-	gene_body	1825042	1827519	2478	2478	0	0	1.609091	2.667000	1.000000	45.976362	5257.000000	9730	5.000000	7
Storck2020_WT_H3K4me3	Storck et al. 2020	H3K4me3	nonduplicate	Storck2020_WT_H3K4me3.q20.nonduplicate.cpm.bw	mtr	NCU06619	alternative	CM002239.1	1825042	1827519	-	gene_body_plus_minus_2kb	1823042	1829519	6478	6478	0	0	1.581734	3.608300	1.000000	32.749229	6544.000000	9730	6.000000	7
Storck2020_WT_H3K4me3	Storck et al. 2020	H3K4me3	nonduplicate	Storck2020_WT_H3K4me3.q20.nonduplicate.cpm.bw	his-3	NCU03139	alternative	CM002236.1	4694770	4697885	+	promoter	4693770	4694969	1200	1200	0	0	1.905470	4.706480	1.000000	72.368962	2689.000000	9730	2.000000	7
Storck2020_WT_H3K4me3	Storck et al. 2020	H3K4me3	nonduplicate	Storck2020_WT_H3K4me3.q20.nonduplicate.cpm.bw	his-3	NCU03139	alternative	CM002236.1	4694770	4697885	+	gene_body	4694770	4697885	3116	3116	0	0	1.623755	3.294530	1.000000	47.168551	5141.000000	9730	4.000000	7
Storck2020_WT_H3K4me3	Storck et al. 2020	H3K4me3	nonduplicate	Storck2020_WT_H3K4me3.q20.nonduplicate.cpm.bw	his-3	NCU03139	alternative	CM002236.1	4694770	4697885	+	gene_body_plus_minus_2kb	4692770	4699885	7116	7116	0	0	2.149794	8.157890	1.000000	59.090442	3981.000000	9730	4.000000	7
Storck2020_WT_H3K4me3	Storck et al. 2020	H3K4me3	nonduplicate	Storck2020_WT_H3K4me3.q20.nonduplicate.cpm.bw	csr-1	NCU00726	exploratory	CM002236.1	7403946	7406381	-	promoter	7406182	7407381	1200	1200	0	0	4.874079	9.412950	1.000000	97.096608	283.000000	9730	1.000000	7
Storck2020_WT_H3K4me3	Storck et al. 2020	H3K4me3	nonduplicate	Storck2020_WT_H3K4me3.q20.nonduplicate.cpm.bw	csr-1	NCU00726	exploratory	CM002236.1	7403946	7406381	-	gene_body	7403946	7406381	2436	2436	0	0	2.315628	5.647770	1.000000	68.001028	3114.000000	9730	2.000000	7
Storck2020_WT_H3K4me3	Storck et al. 2020	H3K4me3	nonduplicate	Storck2020_WT_H3K4me3.q20.nonduplicate.cpm.bw	csr-1	NCU00726	exploratory	CM002236.1	7403946	7406381	-	gene_body_plus_minus_2kb	7401946	7408381	6436	6436	0	0	3.169876	9.412950	1.000000	88.021583	1166.000000	9730	1.000000	7
Ferraro2021_WT_H3K4me1	Ferraro et al. 2021	H3K4me1	all_mapped	Ferraro2021_WT_H3K4me1.q20.all_mapped.cpm.bw	pan-2	NCU10048	focal	CM002241.1	3264327	3266119	-	promoter	3265920	3267119	1200	1200	0	321	0.653655	2.422440	0.732500	30.950668	6719.000000	9730	7.000000	7
Ferraro2021_WT_H3K4me1	Ferraro et al. 2021	H3K4me1	all_mapped	Ferraro2021_WT_H3K4me1.q20.all_mapped.cpm.bw	pan-2	NCU10048	focal	CM002241.1	3264327	3266119	-	gene_body	3264327	3266119	1793	1793	0	379	0.926282	2.906930	0.788622	30.909558	6723.000000	9730	7.000000	7
Ferraro2021_WT_H3K4me1	Ferraro et al. 2021	H3K4me1	all_mapped	Ferraro2021_WT_H3K4me1.q20.all_mapped.cpm.bw	pan-2	NCU10048	focal	CM002241.1	3264327	3266119	-	gene_body_plus_minus_2kb	3262327	3268119	5793	5793	0	650	2.185004	12.596700	0.887796	45.760534	5278.000000	9730	7.000000	7
Ferraro2021_WT_H3K4me1	Ferraro et al. 2021	H3K4me1	all_mapped	Ferraro2021_WT_H3K4me1.q20.all_mapped.cpm.bw	ad-3A	NCU03166	alternative	CM002236.1	4771247	4773157	-	promoter	4772958	4774157	1200	1200	0	240	0.929005	4.360390	0.800000	45.123330	5340.000000	9730	5.000000	7
Ferraro2021_WT_H3K4me1	Ferraro et al. 2021	H3K4me1	all_mapped	Ferraro2021_WT_H3K4me1.q20.all_mapped.cpm.bw	ad-3A	NCU03166	alternative	CM002236.1	4771247	4773157	-	gene_body	4771247	4773157	1911	1911	0	90	4.593126	16.472601	0.952904	73.581706	2571.000000	9730	4.000000	7
Ferraro2021_WT_H3K4me1	Ferraro et al. 2021	H3K4me1	all_mapped	Ferraro2021_WT_H3K4me1.q20.all_mapped.cpm.bw	ad-3A	NCU03166	alternative	CM002236.1	4771247	4773157	-	gene_body_plus_minus_2kb	4769247	4775157	5911	5911	0	650	3.560178	17.926100	0.890036	76.068859	2329.000000	9730	2.000000	7
Ferraro2021_WT_H3K4me1	Ferraro et al. 2021	H3K4me1	all_mapped	Ferraro2021_WT_H3K4me1.q20.all_mapped.cpm.bw	ad-3B	NCU03194	alternative	CM002236.1	4864849	4867561	-	promoter	4867362	4868561	1200	1200	0	20	1.360199	3.391420	0.983333	59.429599	3948.000000	9730	3.000000	7
Ferraro2021_WT_H3K4me1	Ferraro et al. 2021	H3K4me1	all_mapped	Ferraro2021_WT_H3K4me1.q20.all_mapped.cpm.bw	ad-3B	NCU03194	alternative	CM002236.1	4864849	4867561	-	gene_body	4864849	4867561	2713	2713	0	30	4.627901	15.019100	0.988942	74.054471	2525.000000	9730	3.000000	7
Ferraro2021_WT_H3K4me1	Ferraro et al. 2021	H3K4me1	all_mapped	Ferraro2021_WT_H3K4me1.q20.all_mapped.cpm.bw	ad-3B	NCU03194	alternative	CM002236.1	4864849	4867561	-	gene_body_plus_minus_2kb	4862849	4869561	6713	6713	0	471	3.348182	15.019100	0.929838	71.536485	2770.000000	9730	3.000000	7
Ferraro2021_WT_H3K4me1	Ferraro et al. 2021	H3K4me1	all_mapped	Ferraro2021_WT_H3K4me1.q20.all_mapped.cpm.bw	ad-8	NCU09789	alternative	CM002241.1	1125094	1129467	-	promoter	1129268	1130467	1200	1200	0	320	0.742477	2.422440	0.733333	36.027749	6225.000000	9730	6.000000	7
Ferraro2021_WT_H3K4me1	Ferraro et al. 2021	H3K4me1	all_mapped	Ferraro2021_WT_H3K4me1.q20.all_mapped.cpm.bw	ad-8	NCU09789	alternative	CM002241.1	1125094	1129467	-	gene_body	1125094	1129467	4374	4374	0	167	3.507275	12.596700	0.961820	59.984584	3894.000000	9730	5.000000	7
Ferraro2021_WT_H3K4me1	Ferraro et al. 2021	H3K4me1	all_mapped	Ferraro2021_WT_H3K4me1.q20.all_mapped.cpm.bw	ad-8	NCU09789	alternative	CM002241.1	1125094	1129467	-	gene_body_plus_minus_2kb	1123094	1131467	8374	8374	0	870	2.307073	12.596700	0.896107	48.556012	5006.000000	9730	6.000000	7
Ferraro2021_WT_H3K4me1	Ferraro et al. 2021	H3K4me1	all_mapped	Ferraro2021_WT_H3K4me1.q20.all_mapped.cpm.bw	mtr	NCU06619	alternative	CM002239.1	1825042	1827519	-	promoter	1827320	1828519	1200	1200	0	249	1.327497	5.329370	0.792500	58.360740	4052.000000	9730	4.000000	7
Ferraro2021_WT_H3K4me1	Ferraro et al. 2021	H3K4me1	all_mapped	Ferraro2021_WT_H3K4me1.q20.all_mapped.cpm.bw	mtr	NCU06619	alternative	CM002239.1	1825042	1827519	-	gene_body	1825042	1827519	2478	2478	0	89	7.493918	19.864000	0.964084	96.109969	379.000000	9730	1.000000	7
Ferraro2021_WT_H3K4me1	Ferraro et al. 2021	H3K4me1	all_mapped	Ferraro2021_WT_H3K4me1.q20.all_mapped.cpm.bw	mtr	NCU06619	alternative	CM002239.1	1825042	1827519	-	gene_body_plus_minus_2kb	1823042	1829519	6478	6478	0	1469	3.239815	19.864000	0.773232	69.398767	2978.000000	9730	4.000000	7
Ferraro2021_WT_H3K4me1	Ferraro et al. 2021	H3K4me1	all_mapped	Ferraro2021_WT_H3K4me1.q20.all_mapped.cpm.bw	his-3	NCU03139	alternative	CM002236.1	4694770	4697885	+	promoter	4693770	4694969	1200	1200	0	250	2.230663	8.236290	0.791667	76.860226	2252.000000	9730	1.000000	7
Ferraro2021_WT_H3K4me1	Ferraro et al. 2021	H3K4me1	all_mapped	Ferraro2021_WT_H3K4me1.q20.all_mapped.cpm.bw	his-3	NCU03139	alternative	CM002236.1	4694770	4697885	+	gene_body	4694770	4697885	3116	3116	0	65	3.260652	13.565700	0.979140	57.127441	4172.000000	9730	6.000000	7
Ferraro2021_WT_H3K4me1	Ferraro et al. 2021	H3K4me1	all_mapped	Ferraro2021_WT_H3K4me1.q20.all_mapped.cpm.bw	his-3	NCU03139	alternative	CM002236.1	4694770	4697885	+	gene_body_plus_minus_2kb	4692770	4699885	7116	7116	0	810	2.698316	13.565700	0.886172	57.939363	4093.000000	9730	5.000000	7
Ferraro2021_WT_H3K4me1	Ferraro et al. 2021	H3K4me1	all_mapped	Ferraro2021_WT_H3K4me1.q20.all_mapped.cpm.bw	csr-1	NCU00726	exploratory	CM002236.1	7403946	7406381	-	promoter	7406182	7407381	1200	1200	0	20	2.034849	5.329370	0.983333	73.890031	2541.000000	9730	2.000000	7
Ferraro2021_WT_H3K4me1	Ferraro et al. 2021	H3K4me1	all_mapped	Ferraro2021_WT_H3K4me1.q20.all_mapped.cpm.bw	csr-1	NCU00726	exploratory	CM002236.1	7403946	7406381	-	gene_body	7403946	7406381	2436	2436	0	70	5.580357	15.988100	0.971264	84.773895	1482.000000	9730	2.000000	7
Ferraro2021_WT_H3K4me1	Ferraro et al. 2021	H3K4me1	all_mapped	Ferraro2021_WT_H3K4me1.q20.all_mapped.cpm.bw	csr-1	NCU00726	exploratory	CM002236.1	7403946	7406381	-	gene_body_plus_minus_2kb	7401946	7408381	6436	6436	0	150	5.062053	15.988100	0.976694	93.787256	605.000000	9730	1.000000	7
Ferraro2021_WT_H3K4me2	Ferraro et al. 2021	H3K4me2	all_mapped	Ferraro2021_WT_H3K4me2.q20.all_mapped.cpm.bw	pan-2	NCU10048	focal	CM002241.1	3264327	3266119	-	promoter	3265920	3267119	1200	1200	0	1200	0.000000	0.000000	0.000000	4.758479	9267.500000	9730	7.000000	7
Ferraro2021_WT_H3K4me2	Ferraro et al. 2021	H3K4me2	all_mapped	Ferraro2021_WT_H3K4me2.q20.all_mapped.cpm.bw	pan-2	NCU10048	focal	CM002241.1	3264327	3266119	-	gene_body	3264327	3266119	1793	1793	0	1363	0.379146	1.580950	0.239822	39.378212	5899.000000	9730	7.000000	7
Ferraro2021_WT_H3K4me2	Ferraro et al. 2021	H3K4me2	all_mapped	Ferraro2021_WT_H3K4me2.q20.all_mapped.cpm.bw	pan-2	NCU10048	focal	CM002241.1	3264327	3266119	-	gene_body_plus_minus_2kb	3262327	3268119	5793	5793	0	4184	1.112643	17.390499	0.277749	38.268243	6007.000000	9730	7.000000	7
Ferraro2021_WT_H3K4me2	Ferraro et al. 2021	H3K4me2	all_mapped	Ferraro2021_WT_H3K4me2.q20.all_mapped.cpm.bw	ad-3A	NCU03166	alternative	CM002236.1	4771247	4773157	-	promoter	4772958	4774157	1200	1200	0	1047	0.231873	3.161910	0.127500	34.280576	6395.000000	9730	6.000000	7
Ferraro2021_WT_H3K4me2	Ferraro et al. 2021	H3K4me2	all_mapped	Ferraro2021_WT_H3K4me2.q20.all_mapped.cpm.bw	ad-3A	NCU03166	alternative	CM002236.1	4771247	4773157	-	gene_body	4771247	4773157	1911	1911	0	841	1.687673	7.904760	0.559916	55.914697	4290.000000	9730	4.000000	7
Ferraro2021_WT_H3K4me2	Ferraro et al. 2021	H3K4me2	all_mapped	Ferraro2021_WT_H3K4me2.q20.all_mapped.cpm.bw	ad-3A	NCU03166	alternative	CM002236.1	4771247	4773157	-	gene_body_plus_minus_2kb	4769247	4775157	5911	5911	0	3730	1.417535	14.228600	0.368973	41.063720	5735.000000	9730	5.000000	7
Ferraro2021_WT_H3K4me2	Ferraro et al. 2021	H3K4me2	all_mapped	Ferraro2021_WT_H3K4me2.q20.all_mapped.cpm.bw	ad-3B	NCU03194	alternative	CM002236.1	4864849	4867561	-	promoter	4867362	4868561	1200	1200	0	931	0.458476	3.161910	0.224167	48.689620	4993.000000	9730	4.000000	7
Ferraro2021_WT_H3K4me2	Ferraro et al. 2021	H3K4me2	all_mapped	Ferraro2021_WT_H3K4me2.q20.all_mapped.cpm.bw	ad-3B	NCU03194	alternative	CM002236.1	4864849	4867561	-	gene_body	4864849	4867561	2713	2713	0	1643	1.526759	11.066700	0.394397	55.195272	4360.000000	9730	5.000000	7
Ferraro2021_WT_H3K4me2	Ferraro et al. 2021	H3K4me2	all_mapped	Ferraro2021_WT_H3K4me2.q20.all_mapped.cpm.bw	ad-3B	NCU03194	alternative	CM002236.1	4864849	4867561	-	gene_body_plus_minus_2kb	4862849	4869561	6713	6713	0	3893	2.237309	15.809500	0.420080	50.200411	4846.000000	9730	4.000000	7
Ferraro2021_WT_H3K4me2	Ferraro et al. 2021	H3K4me2	all_mapped	Ferraro2021_WT_H3K4me2.q20.all_mapped.cpm.bw	ad-8	NCU09789	alternative	CM002241.1	1125094	1129467	-	promoter	1129268	1130467	1200	1200	0	1007	0.293793	3.161910	0.160833	38.062693	6027.000000	9730	5.000000	7
Ferraro2021_WT_H3K4me2	Ferraro et al. 2021	H3K4me2	all_mapped	Ferraro2021_WT_H3K4me2.q20.all_mapped.cpm.bw	ad-8	NCU09789	alternative	CM002241.1	1125094	1129467	-	gene_body	1125094	1129467	4374	4374	0	1074	5.699961	25.295200	0.754458	72.625899	2664.000000	9730	2.000000	7
Ferraro2021_WT_H3K4me2	Ferraro et al. 2021	H3K4me2	all_mapped	Ferraro2021_WT_H3K4me2.q20.all_mapped.cpm.bw	ad-8	NCU09789	alternative	CM002241.1	1125094	1129467	-	gene_body_plus_minus_2kb	1123094	1131467	8374	8374	0	4207	3.147935	25.295200	0.497612	62.667009	3633.000000	9730	2.000000	7
Ferraro2021_WT_H3K4me2	Ferraro et al. 2021	H3K4me2	all_mapped	Ferraro2021_WT_H3K4me2.q20.all_mapped.cpm.bw	mtr	NCU06619	alternative	CM002239.1	1825042	1827519	-	promoter	1827320	1828519	1200	1200	0	689	1.055286	4.742860	0.425833	61.361768	3760.000000	9730	3.000000	7
Ferraro2021_WT_H3K4me2	Ferraro et al. 2021	H3K4me2	all_mapped	Ferraro2021_WT_H3K4me2.q20.all_mapped.cpm.bw	mtr	NCU06619	alternative	CM002239.1	1825042	1827519	-	gene_body	1825042	1827519	2478	2478	0	659	2.474146	7.904760	0.734060	58.812950	4008.000000	9730	3.000000	7
Ferraro2021_WT_H3K4me2	Ferraro et al. 2021	H3K4me2	all_mapped	Ferraro2021_WT_H3K4me2.q20.all_mapped.cpm.bw	mtr	NCU06619	alternative	CM002239.1	1825042	1827519	-	gene_body_plus_minus_2kb	1823042	1829519	6478	6478	0	3938	1.137270	7.904760	0.392096	38.504625	5984.000000	9730	6.000000	7
Ferraro2021_WT_H3K4me2	Ferraro et al. 2021	H3K4me2	all_mapped	Ferraro2021_WT_H3K4me2.q20.all_mapped.cpm.bw	his-3	NCU03139	alternative	CM002236.1	4694770	4697885	+	promoter	4693770	4694969	1200	1200	0	649	7.633367	34.780998	0.459167	92.101747	769.000000	9730	2.000000	7
Ferraro2021_WT_H3K4me2	Ferraro et al. 2021	H3K4me2	all_mapped	Ferraro2021_WT_H3K4me2.q20.all_mapped.cpm.bw	his-3	NCU03139	alternative	CM002236.1	4694770	4697885	+	gene_body	4694770	4697885	3116	3116	0	1795	1.040607	9.485720	0.423941	52.081192	4663.000000	9730	6.000000	7
Ferraro2021_WT_H3K4me2	Ferraro et al. 2021	H3K4me2	all_mapped	Ferraro2021_WT_H3K4me2.q20.all_mapped.cpm.bw	his-3	NCU03139	alternative	CM002236.1	4694770	4697885	+	gene_body_plus_minus_2kb	4692770	4699885	7116	7116	0	3890	3.132135	34.780998	0.453345	62.451182	3654.000000	9730	3.000000	7
Ferraro2021_WT_H3K4me2	Ferraro et al. 2021	H3K4me2	all_mapped	Ferraro2021_WT_H3K4me2.q20.all_mapped.cpm.bw	csr-1	NCU00726	exploratory	CM002236.1	7403946	7406381	-	promoter	7406182	7407381	1200	1200	0	90	9.131318	28.457100	0.925000	94.917780	495.000000	9730	1.000000	7
Ferraro2021_WT_H3K4me2	Ferraro et al. 2021	H3K4me2	all_mapped	Ferraro2021_WT_H3K4me2.q20.all_mapped.cpm.bw	csr-1	NCU00726	exploratory	CM002236.1	7403946	7406381	-	gene_body	7403946	7406381	2436	2436	0	790	6.824836	31.619101	0.675698	79.306269	2014.000000	9730	1.000000	7
Ferraro2021_WT_H3K4me2	Ferraro et al. 2021	H3K4me2	all_mapped	Ferraro2021_WT_H3K4me2.q20.all_mapped.cpm.bw	csr-1	NCU00726	exploratory	CM002236.1	7403946	7406381	-	gene_body_plus_minus_2kb	7401946	7408381	6436	6436	0	880	9.120692	31.619101	0.863269	98.792395	118.000000	9730	1.000000	7
Sasaki2014_WT_H3K4me2	Sasaki et al. 2014	H3K4me2	all_mapped	Sasaki2014_WT_H3K4me2.q20.all_mapped.cpm.bw	pan-2	NCU10048	focal	CM002241.1	3264327	3266119	-	promoter	3265920	3267119	1200	1200	0	310	0.597562	2.498780	0.741667	47.887975	5071.000000	9730	4.000000	7
Sasaki2014_WT_H3K4me2	Sasaki et al. 2014	H3K4me2	all_mapped	Sasaki2014_WT_H3K4me2.q20.all_mapped.cpm.bw	pan-2	NCU10048	focal	CM002241.1	3264327	3266119	-	gene_body	3264327	3266119	1793	1793	0	324	0.417921	2.498780	0.819297	32.112025	6606.000000	9730	7.000000	7
Sasaki2014_WT_H3K4me2	Sasaki et al. 2014	H3K4me2	all_mapped	Sasaki2014_WT_H3K4me2.q20.all_mapped.cpm.bw	pan-2	NCU10048	focal	CM002241.1	3264327	3266119	-	gene_body_plus_minus_2kb	3262327	3268119	5793	5793	0	870	1.048744	11.130900	0.849819	40.539568	5786.000000	9730	6.000000	7
Sasaki2014_WT_H3K4me2	Sasaki et al. 2014	H3K4me2	all_mapped	Sasaki2014_WT_H3K4me2.q20.all_mapped.cpm.bw	ad-3A	NCU03166	alternative	CM002236.1	4771247	4773157	-	promoter	4772958	4774157	1200	1200	0	290	0.379992	1.135810	0.758333	25.020555	7296.000000	9730	7.000000	7
Sasaki2014_WT_H3K4me2	Sasaki et al. 2014	H3K4me2	all_mapped	Sasaki2014_WT_H3K4me2.q20.all_mapped.cpm.bw	ad-3A	NCU03166	alternative	CM002236.1	4771247	4773157	-	gene_body	4771247	4773157	1911	1911	0	190	0.694522	2.347340	0.900576	48.782117	4984.000000	9730	5.000000	7
Sasaki2014_WT_H3K4me2	Sasaki et al. 2014	H3K4me2	all_mapped	Sasaki2014_WT_H3K4me2.q20.all_mapped.cpm.bw	ad-3A	NCU03166	alternative	CM002236.1	4771247	4773157	-	gene_body_plus_minus_2kb	4769247	4775157	5911	5911	0	730	0.754875	4.997560	0.876501	34.753340	6349.000000	9730	7.000000	7
Sasaki2014_WT_H3K4me2	Sasaki et al. 2014	H3K4me2	all_mapped	Sasaki2014_WT_H3K4me2.q20.all_mapped.cpm.bw	ad-3B	NCU03194	alternative	CM002236.1	4864849	4867561	-	promoter	4867362	4868561	1200	1200	0	70	0.740043	2.120180	0.941667	55.411100	4339.000000	9730	3.000000	7
Sasaki2014_WT_H3K4me2	Sasaki et al. 2014	H3K4me2	all_mapped	Sasaki2014_WT_H3K4me2.q20.all_mapped.cpm.bw	ad-3B	NCU03194	alternative	CM002236.1	4864849	4867561	-	gene_body	4864849	4867561	2713	2713	0	220	0.952020	4.316080	0.918909	52.728674	4600.000000	9730	4.000000	7
Sasaki2014_WT_H3K4me2	Sasaki et al. 2014	H3K4me2	all_mapped	Sasaki2014_WT_H3K4me2.q20.all_mapped.cpm.bw	ad-3B	NCU03194	alternative	CM002236.1	4864849	4867561	-	gene_body_plus_minus_2kb	4862849	4869561	6713	6713	0	600	1.864186	11.812400	0.910621	58.401850	4048.000000	9730	3.000000	7
Sasaki2014_WT_H3K4me2	Sasaki et al. 2014	H3K4me2	all_mapped	Sasaki2014_WT_H3K4me2.q20.all_mapped.cpm.bw	ad-8	NCU09789	alternative	CM002241.1	1125094	1129467	-	promoter	1129268	1130467	1200	1200	0	77	0.501523	2.195900	0.935833	39.254882	5911.000000	9730	6.000000	7
Sasaki2014_WT_H3K4me2	Sasaki et al. 2014	H3K4me2	all_mapped	Sasaki2014_WT_H3K4me2.q20.all_mapped.cpm.bw	ad-8	NCU09789	alternative	CM002241.1	1125094	1129467	-	gene_body	1125094	1129467	4374	4374	0	320	3.419531	10.752300	0.926840	72.194245	2706.000000	9730	2.000000	7
Sasaki2014_WT_H3K4me2	Sasaki et al. 2014	H3K4me2	all_mapped	Sasaki2014_WT_H3K4me2.q20.all_mapped.cpm.bw	ad-8	NCU09789	alternative	CM002241.1	1125094	1129467	-	gene_body_plus_minus_2kb	1123094	1131467	8374	8374	0	1087	1.968059	10.752300	0.870193	60.950668	3800.000000	9730	2.000000	7
Sasaki2014_WT_H3K4me2	Sasaki et al. 2014	H3K4me2	all_mapped	Sasaki2014_WT_H3K4me2.q20.all_mapped.cpm.bw	mtr	NCU06619	alternative	CM002239.1	1825042	1827519	-	promoter	1827320	1828519	1200	1200	0	160	0.546766	3.104550	0.866667	43.756423	5473.000000	9730	5.000000	7
Sasaki2014_WT_H3K4me2	Sasaki et al. 2014	H3K4me2	all_mapped	Sasaki2014_WT_H3K4me2.q20.all_mapped.cpm.bw	mtr	NCU06619	alternative	CM002239.1	1825042	1827519	-	gene_body	1825042	1827519	2478	2478	0	0	2.867668	7.572070	1.000000	67.024666	3209.000000	9730	3.000000	7
Sasaki2014_WT_H3K4me2	Sasaki et al. 2014	H3K4me2	all_mapped	Sasaki2014_WT_H3K4me2.q20.all_mapped.cpm.bw	mtr	NCU06619	alternative	CM002239.1	1825042	1827519	-	gene_body_plus_minus_2kb	1823042	1829519	6478	6478	0	659	1.395526	7.572070	0.898271	47.631038	5096.000000	9730	5.000000	7
Sasaki2014_WT_H3K4me2	Sasaki et al. 2014	H3K4me2	all_mapped	Sasaki2014_WT_H3K4me2.q20.all_mapped.cpm.bw	his-3	NCU03139	alternative	CM002236.1	4694770	4697885	+	promoter	4693770	4694969	1200	1200	0	0	4.803467	17.718599	1.000000	92.862282	695.000000	9730	2.000000	7
Sasaki2014_WT_H3K4me2	Sasaki et al. 2014	H3K4me2	all_mapped	Sasaki2014_WT_H3K4me2.q20.all_mapped.cpm.bw	his-3	NCU03139	alternative	CM002236.1	4694770	4697885	+	gene_body	4694770	4697885	3116	3116	0	570	0.525913	2.271620	0.817073	41.053443	5736.000000	9730	6.000000	7
Sasaki2014_WT_H3K4me2	Sasaki et al. 2014	H3K4me2	all_mapped	Sasaki2014_WT_H3K4me2.q20.all_mapped.cpm.bw	his-3	NCU03139	alternative	CM002236.1	4694770	4697885	+	gene_body_plus_minus_2kb	4692770	4699885	7116	7116	0	960	1.773487	17.718599	0.865093	56.479959	4235.000000	9730	4.000000	7
Sasaki2014_WT_H3K4me2	Sasaki et al. 2014	H3K4me2	all_mapped	Sasaki2014_WT_H3K4me2.q20.all_mapped.cpm.bw	csr-1	NCU00726	exploratory	CM002236.1	7403946	7406381	-	promoter	7406182	7407381	1200	1200	0	0	6.112425	12.796800	1.000000	96.459404	345.000000	9730	1.000000	7
Sasaki2014_WT_H3K4me2	Sasaki et al. 2014	H3K4me2	all_mapped	Sasaki2014_WT_H3K4me2.q20.all_mapped.cpm.bw	csr-1	NCU00726	exploratory	CM002236.1	7403946	7406381	-	gene_body	7403946	7406381	2436	2436	0	0	3.917083	14.084000	1.000000	77.610483	2179.000000	9730	1.000000	7
Sasaki2014_WT_H3K4me2	Sasaki et al. 2014	H3K4me2	all_mapped	Sasaki2014_WT_H3K4me2.q20.all_mapped.cpm.bw	csr-1	NCU00726	exploratory	CM002236.1	7403946	7406381	-	gene_body_plus_minus_2kb	7401946	7408381	6436	6436	0	0	5.034507	14.084000	1.000000	97.620761	232.000000	9730	1.000000	7
Ferraro2021_WT_H3K4me3	Ferraro et al. 2021	H3K4me3	all_mapped	Ferraro2021_WT_H3K4me3.q20.all_mapped.cpm.bw	pan-2	NCU10048	focal	CM002241.1	3264327	3266119	-	promoter	3265920	3267119	1200	1200	0	1040	0.849057	6.367930	0.133333	45.169579	5335.500000	9730	5.000000	7
Ferraro2021_WT_H3K4me3	Ferraro et al. 2021	H3K4me3	all_mapped	Ferraro2021_WT_H3K4me3.q20.all_mapped.cpm.bw	pan-2	NCU10048	focal	CM002241.1	3264327	3266119	-	gene_body	3264327	3266119	1793	1793	0	1713	0.284124	6.367930	0.044618	16.767729	8099.000000	9730	7.000000	7
Ferraro2021_WT_H3K4me3	Ferraro et al. 2021	H3K4me3	all_mapped	Ferraro2021_WT_H3K4me3.q20.all_mapped.cpm.bw	pan-2	NCU10048	focal	CM002241.1	3264327	3266119	-	gene_body_plus_minus_2kb	3262327	3268119	5793	5793	0	4684	2.690953	50.943401	0.191438	64.434738	3461.000000	9730	5.000000	7
Ferraro2021_WT_H3K4me3	Ferraro et al. 2021	H3K4me3	all_mapped	Ferraro2021_WT_H3K4me3.q20.all_mapped.cpm.bw	ad-3A	NCU03166	alternative	CM002236.1	4771247	4773157	-	promoter	4772958	4774157	1200	1200	0	867	1.767101	6.367930	0.277500	72.410072	2685.000000	9730	3.000000	7
Ferraro2021_WT_H3K4me3	Ferraro et al. 2021	H3K4me3	all_mapped	Ferraro2021_WT_H3K4me3.q20.all_mapped.cpm.bw	ad-3A	NCU03166	alternative	CM002236.1	4771247	4773157	-	gene_body	4771247	4773157	1911	1911	0	1571	1.132965	6.367930	0.177917	55.000000	4379.000000	9730	5.000000	7
Ferraro2021_WT_H3K4me3	Ferraro et al. 2021	H3K4me3	all_mapped	Ferraro2021_WT_H3K4me3.q20.all_mapped.cpm.bw	ad-3A	NCU03166	alternative	CM002236.1	4771247	4773157	-	gene_body_plus_minus_2kb	4769247	4775157	5911	5911	0	5044	0.934021	6.367930	0.146676	39.953751	5843.000000	9730	6.000000	7
Ferraro2021_WT_H3K4me3	Ferraro et al. 2021	H3K4me3	all_mapped	Ferraro2021_WT_H3K4me3.q20.all_mapped.cpm.bw	ad-3B	NCU03194	alternative	CM002236.1	4864849	4867561	-	promoter	4867362	4868561	1200	1200	0	1050	1.326654	19.103800	0.125000	64.794450	3426.000000	9730	4.000000	7
Ferraro2021_WT_H3K4me3	Ferraro et al. 2021	H3K4me3	all_mapped	Ferraro2021_WT_H3K4me3.q20.all_mapped.cpm.bw	ad-3B	NCU03194	alternative	CM002236.1	4864849	4867561	-	gene_body	4864849	4867561	2713	2713	0	2223	1.150124	6.367930	0.180612	55.472765	4333.000000	9730	4.000000	7
Ferraro2021_WT_H3K4me3	Ferraro et al. 2021	H3K4me3	all_mapped	Ferraro2021_WT_H3K4me3.q20.all_mapped.cpm.bw	ad-3B	NCU03194	alternative	CM002236.1	4864849	4867561	-	gene_body_plus_minus_2kb	4862849	4869561	6713	6713	0	5003	3.443407	50.943401	0.254730	72.225077	2703.000000	9730	3.000000	7
Ferraro2021_WT_H3K4me3	Ferraro et al. 2021	H3K4me3	all_mapped	Ferraro2021_WT_H3K4me3.q20.all_mapped.cpm.bw	ad-8	NCU09789	alternative	CM002241.1	1125094	1129467	-	promoter	1129268	1130467	1200	1200	0	1117	0.440448	6.367930	0.069167	29.537513	6856.500000	9730	6.000000	7
Ferraro2021_WT_H3K4me3	Ferraro et al. 2021	H3K4me3	all_mapped	Ferraro2021_WT_H3K4me3.q20.all_mapped.cpm.bw	ad-8	NCU09789	alternative	CM002241.1	1125094	1129467	-	gene_body	1125094	1129467	4374	4374	0	2424	7.060920	57.311298	0.445816	86.469681	1317.000000	9730	1.000000	7
Ferraro2021_WT_H3K4me3	Ferraro et al. 2021	H3K4me3	all_mapped	Ferraro2021_WT_H3K4me3.q20.all_mapped.cpm.bw	ad-8	NCU09789	alternative	CM002241.1	1125094	1129467	-	gene_body_plus_minus_2kb	1123094	1131467	8374	8374	0	6174	3.878248	57.311298	0.262718	76.294964	2307.000000	9730	2.000000	7
Ferraro2021_WT_H3K4me3	Ferraro et al. 2021	H3K4me3	all_mapped	Ferraro2021_WT_H3K4me3.q20.all_mapped.cpm.bw	mtr	NCU06619	alternative	CM002239.1	1825042	1827519	-	promoter	1827320	1828519	1200	1200	0	1200	0.000000	0.000000	0.000000	7.667009	8984.500000	9730	7.000000	7
Ferraro2021_WT_H3K4me3	Ferraro et al. 2021	H3K4me3	all_mapped	Ferraro2021_WT_H3K4me3.q20.all_mapped.cpm.bw	mtr	NCU06619	alternative	CM002239.1	1825042	1827519	-	gene_body	1825042	1827519	2478	2478	0	2168	0.899426	12.735900	0.125101	48.257965	5035.000000	9730	6.000000	7
Ferraro2021_WT_H3K4me3	Ferraro et al. 2021	H3K4me3	all_mapped	Ferraro2021_WT_H3K4me3.q20.all_mapped.cpm.bw	mtr	NCU06619	alternative	CM002239.1	1825042	1827519	-	gene_body_plus_minus_2kb	1823042	1829519	6478	6478	0	6168	0.344053	12.735900	0.047854	6.654676	9083.000000	9730	7.000000	7
Ferraro2021_WT_H3K4me3	Ferraro et al. 2021	H3K4me3	all_mapped	Ferraro2021_WT_H3K4me3.q20.all_mapped.cpm.bw	his-3	NCU03139	alternative	CM002236.1	4694770	4697885	+	promoter	4693770	4694969	1200	1200	0	719	3.730551	19.103800	0.400833	85.472765	1414.000000	9730	2.000000	7
Ferraro2021_WT_H3K4me3	Ferraro et al. 2021	H3K4me3	all_mapped	Ferraro2021_WT_H3K4me3.q20.all_mapped.cpm.bw	his-3	NCU03139	alternative	CM002236.1	4694770	4697885	+	gene_body	4694770	4697885	3116	3116	0	2396	1.532718	12.735900	0.231065	61.855087	3712.000000	9730	3.000000	7
Ferraro2021_WT_H3K4me3	Ferraro et al. 2021	H3K4me3	all_mapped	Ferraro2021_WT_H3K4me3.q20.all_mapped.cpm.bw	his-3	NCU03139	alternative	CM002236.1	4694770	4697885	+	gene_body_plus_minus_2kb	4692770	4699885	7116	7116	0	5136	3.105218	44.575500	0.278246	68.710175	3045.000000	9730	4.000000	7
Ferraro2021_WT_H3K4me3	Ferraro et al. 2021	H3K4me3	all_mapped	Ferraro2021_WT_H3K4me3.q20.all_mapped.cpm.bw	csr-1	NCU00726	exploratory	CM002236.1	7403946	7406381	-	promoter	7406182	7407381	1200	1200	0	269	13.436335	44.575500	0.775833	97.363823	257.000000	9730	1.000000	7
Ferraro2021_WT_H3K4me3	Ferraro et al. 2021	H3K4me3	all_mapped	Ferraro2021_WT_H3K4me3.q20.all_mapped.cpm.bw	csr-1	NCU00726	exploratory	CM002236.1	7403946	7406381	-	gene_body	7403946	7406381	2436	2436	0	1481	3.359113	19.103800	0.392036	72.821172	2645.000000	9730	2.000000	7
Ferraro2021_WT_H3K4me3	Ferraro et al. 2021	H3K4me3	all_mapped	Ferraro2021_WT_H3K4me3.q20.all_mapped.cpm.bw	csr-1	NCU00726	exploratory	CM002236.1	7403946	7406381	-	gene_body_plus_minus_2kb	7401946	7408381	6436	6436	0	3116	6.787450	44.575500	0.515848	92.821172	699.000000	9730	1.000000	7
Storck2020_WT_H3K4me3	Storck et al. 2020	H3K4me3	all_mapped	Storck2020_WT_H3K4me3.q20.all_mapped.cpm.bw	pan-2	NCU10048	focal	CM002241.1	3264327	3266119	-	promoter	3265920	3267119	1200	1200	0	0	1.400310	2.785810	1.000000	32.492292	6569.000000	9730	4.000000	7
Storck2020_WT_H3K4me3	Storck et al. 2020	H3K4me3	all_mapped	Storck2020_WT_H3K4me3.q20.all_mapped.cpm.bw	pan-2	NCU10048	focal	CM002241.1	3264327	3266119	-	gene_body	3264327	3266119	1793	1793	0	0	1.192437	2.520490	1.000000	10.519013	8707.000000	9730	7.000000	7
Storck2020_WT_H3K4me3	Storck et al. 2020	H3K4me3	all_mapped	Storck2020_WT_H3K4me3.q20.all_mapped.cpm.bw	pan-2	NCU10048	focal	CM002241.1	3264327	3266119	-	gene_body_plus_minus_2kb	3262327	3268119	5793	5793	0	0	1.886332	10.347300	1.000000	53.694758	4506.000000	9730	5.000000	7
Storck2020_WT_H3K4me3	Storck et al. 2020	H3K4me3	all_mapped	Storck2020_WT_H3K4me3.q20.all_mapped.cpm.bw	ad-3A	NCU03166	alternative	CM002236.1	4771247	4773157	-	promoter	4772958	4774157	1200	1200	0	0	1.194580	1.857200	1.000000	7.219938	9028.000000	9730	7.000000	7
Storck2020_WT_H3K4me3	Storck et al. 2020	H3K4me3	all_mapped	Storck2020_WT_H3K4me3.q20.all_mapped.cpm.bw	ad-3A	NCU03166	alternative	CM002236.1	4771247	4773157	-	gene_body	4771247	4773157	1911	1911	0	0	1.300334	2.653150	1.000000	22.954779	7497.000000	9730	6.000000	7
Storck2020_WT_H3K4me3	Storck et al. 2020	H3K4me3	all_mapped	Storck2020_WT_H3K4me3.q20.all_mapped.cpm.bw	ad-3A	NCU03166	alternative	CM002236.1	4771247	4773157	-	gene_body_plus_minus_2kb	4769247	4775157	5911	5911	0	0	1.322400	2.653150	1.000000	14.095581	8359.000000	9730	7.000000	7
Storck2020_WT_H3K4me3	Storck et al. 2020	H3K4me3	all_mapped	Storck2020_WT_H3K4me3.q20.all_mapped.cpm.bw	ad-3B	NCU03194	alternative	CM002236.1	4864849	4867561	-	promoter	4867362	4868561	1200	1200	0	0	1.489964	2.653150	1.000000	46.736896	5183.000000	9730	3.000000	7
Storck2020_WT_H3K4me3	Storck et al. 2020	H3K4me3	all_mapped	Storck2020_WT_H3K4me3.q20.all_mapped.cpm.bw	ad-3B	NCU03194	alternative	CM002236.1	4864849	4867561	-	gene_body	4864849	4867561	2713	2713	0	0	1.640444	2.785810	1.000000	57.559096	4130.000000	9730	3.000000	7
Storck2020_WT_H3K4me3	Storck et al. 2020	H3K4me3	all_mapped	Storck2020_WT_H3K4me3.q20.all_mapped.cpm.bw	ad-3B	NCU03194	alternative	CM002236.1	4864849	4867561	-	gene_body_plus_minus_2kb	4862849	4869561	6713	6713	0	110	2.338767	10.214600	0.983614	67.610483	3152.000000	9730	3.000000	7
Storck2020_WT_H3K4me3	Storck et al. 2020	H3K4me3	all_mapped	Storck2020_WT_H3K4me3.q20.all_mapped.cpm.bw	ad-8	NCU09789	alternative	CM002241.1	1125094	1129467	-	promoter	1129268	1130467	1200	1200	0	0	1.277160	2.918460	1.000000	14.804728	8290.000000	9730	5.000000	7
Storck2020_WT_H3K4me3	Storck et al. 2020	H3K4me3	all_mapped	Storck2020_WT_H3K4me3.q20.all_mapped.cpm.bw	ad-8	NCU09789	alternative	CM002241.1	1125094	1129467	-	gene_body	1125094	1129467	4374	4374	0	0	3.647049	11.541200	1.000000	84.239466	1534.000000	9730	1.000000	7
Storck2020_WT_H3K4me3	Storck et al. 2020	H3K4me3	all_mapped	Storck2020_WT_H3K4me3.q20.all_mapped.cpm.bw	ad-8	NCU09789	alternative	CM002241.1	1125094	1129467	-	gene_body_plus_minus_2kb	1123094	1131467	8374	8374	0	0	2.512032	11.541200	1.000000	72.471737	2679.000000	9730	2.000000	7
Storck2020_WT_H3K4me3	Storck et al. 2020	H3K4me3	all_mapped	Storck2020_WT_H3K4me3.q20.all_mapped.cpm.bw	mtr	NCU06619	alternative	CM002239.1	1825042	1827519	-	promoter	1827320	1828519	1200	1200	0	0	1.250628	2.520490	1.000000	11.927030	8570.000000	9730	6.000000	7
Storck2020_WT_H3K4me3	Storck et al. 2020	H3K4me3	all_mapped	Storck2020_WT_H3K4me3.q20.all_mapped.cpm.bw	mtr	NCU06619	alternative	CM002239.1	1825042	1827519	-	gene_body	1825042	1827519	2478	2478	0	0	1.474917	2.653150	1.000000	45.493320	5304.000000	9730	5.000000	7
Storck2020_WT_H3K4me3	Storck et al. 2020	H3K4me3	all_mapped	Storck2020_WT_H3K4me3.q20.all_mapped.cpm.bw	mtr	NCU06619	alternative	CM002239.1	1825042	1827519	-	gene_body_plus_minus_2kb	1823042	1829519	6478	6478	0	0	1.448030	3.449090	1.000000	31.885920	6628.000000	9730	6.000000	7
Storck2020_WT_H3K4me3	Storck et al. 2020	H3K4me3	all_mapped	Storck2020_WT_H3K4me3.q20.all_mapped.cpm.bw	his-3	NCU03139	alternative	CM002236.1	4694770	4697885	+	promoter	4693770	4694969	1200	1200	0	0	1.810663	4.643010	1.000000	73.746146	2555.000000	9730	2.000000	7
Storck2020_WT_H3K4me3	Storck et al. 2020	H3K4me3	all_mapped	Storck2020_WT_H3K4me3.q20.all_mapped.cpm.bw	his-3	NCU03139	alternative	CM002236.1	4694770	4697885	+	gene_body	4694770	4697885	3116	3116	0	0	1.493715	3.051120	1.000000	47.487153	5110.000000	9730	4.000000	7
Storck2020_WT_H3K4me3	Storck et al. 2020	H3K4me3	all_mapped	Storck2020_WT_H3K4me3.q20.all_mapped.cpm.bw	his-3	NCU03139	alternative	CM002236.1	4694770	4697885	+	gene_body_plus_minus_2kb	4692770	4699885	7116	7116	0	0	2.052555	8.092110	1.000000	58.771840	4012.000000	9730	4.000000	7
Storck2020_WT_H3K4me3	Storck et al. 2020	H3K4me3	all_mapped	Storck2020_WT_H3K4me3.q20.all_mapped.cpm.bw	csr-1	NCU00726	exploratory	CM002236.1	7403946	7406381	-	promoter	7406182	7407381	1200	1200	0	0	5.353945	11.143200	1.000000	97.230216	270.000000	9730	1.000000	7
Storck2020_WT_H3K4me3	Storck et al. 2020	H3K4me3	all_mapped	Storck2020_WT_H3K4me3.q20.all_mapped.cpm.bw	csr-1	NCU00726	exploratory	CM002236.1	7403946	7406381	-	gene_body	7403946	7406381	2436	2436	0	0	2.240963	5.836930	1.000000	68.381295	3077.000000	9730	2.000000	7
Storck2020_WT_H3K4me3	Storck et al. 2020	H3K4me3	all_mapped	Storck2020_WT_H3K4me3.q20.all_mapped.cpm.bw	csr-1	NCU00726	exploratory	CM002236.1	7403946	7406381	-	gene_body_plus_minus_2kb	7401946	7408381	6436	6436	0	0	3.210657	11.143200	1.000000	87.291881	1237.000000	9730	1.000000	7
