"strain_legend","mut_start","mut_finish","n","prop","prop_percent"
"wild-type",9,39,1,0.0196078431372549,1.96078431372549
"wild-type",13,19,1,0.0196078431372549,1.96078431372549
"wild-type",18,19,1,0.0196078431372549,1.96078431372549
"wild-type",26,27,1,0.0196078431372549,1.96078431372549
"wild-type",28,29,1,0.0196078431372549,1.96078431372549
"wild-type",28,34,1,0.0196078431372549,1.96078431372549
"wild-type",29,30,1,0.0196078431372549,1.96078431372549
"wild-type",29,32,1,0.0196078431372549,1.96078431372549
"wild-type",30,31,1,0.0196078431372549,1.96078431372549
"wild-type",30,33,1,0.0196078431372549,1.96078431372549
"wild-type",32,33,1,0.0196078431372549,1.96078431372549
"wild-type",32,35,1,0.0196078431372549,1.96078431372549
"wild-type",33,34,1,0.0196078431372549,1.96078431372549
"wild-type",33,36,1,0.0196078431372549,1.96078431372549
"wild-type",34,35,1,0.0196078431372549,1.96078431372549
"wild-type",34,37,1,0.0196078431372549,1.96078431372549
"wild-type",34,43,1,0.0196078431372549,1.96078431372549
"wild-type",35,38,1,0.0196078431372549,1.96078431372549
"wild-type",37,38,1,0.0196078431372549,1.96078431372549
"wild-type",40,41,1,0.0196078431372549,1.96078431372549
"wild-type",42,43,2,0.0392156862745098,3.92156862745098
"wild-type",42,51,1,0.0196078431372549,1.96078431372549
"wild-type",47,48,1,0.0196078431372549,1.96078431372549
"wild-type",47,56,2,0.0392156862745098,3.92156862745098
"wild-type",48,60,1,0.0196078431372549,1.96078431372549
"wild-type",49,50,1,0.0196078431372549,1.96078431372549
"wild-type",49,55,1,0.0196078431372549,1.96078431372549
"wild-type",51,52,1,0.0196078431372549,1.96078431372549
"wild-type",51,54,1,0.0196078431372549,1.96078431372549
"wild-type",51,61,1,0.0196078431372549,1.96078431372549
"wild-type",51,88,1,0.0196078431372549,1.96078431372549
"wild-type",52,53,1,0.0196078431372549,1.96078431372549
"wild-type",52,59,1,0.0196078431372549,1.96078431372549
"wild-type",53,54,3,0.0588235294117647,5.88235294117647
"wild-type",54,55,1,0.0196078431372549,1.96078431372549
"wild-type",54,58,2,0.0392156862745098,3.92156862745098
"wild-type",55,56,2,0.0392156862745098,3.92156862745098
"wild-type",56,65,1,0.0196078431372549,1.96078431372549
"wild-type",59,60,1,0.0196078431372549,1.96078431372549
"wild-type",62,63,1,0.0196078431372549,1.96078431372549
"wild-type",65,66,1,0.0196078431372549,1.96078431372549
"wild-type",65,74,1,0.0196078431372549,1.96078431372549
"wild-type",67,68,1,0.0196078431372549,1.96078431372549
"wild-type",70,71,1,0.0196078431372549,1.96078431372549
"wild-type",73,79,1,0.0196078431372549,1.96078431372549
"hH3-K4R",12,21,1,0.0172413793103448,1.72413793103448
"hH3-K4R",14,29,1,0.0172413793103448,1.72413793103448
"hH3-K4R",14,38,1,0.0172413793103448,1.72413793103448
"hH3-K4R",16,22,1,0.0172413793103448,1.72413793103448
"hH3-K4R",16,29,1,0.0172413793103448,1.72413793103448
"hH3-K4R",21,27,1,0.0172413793103448,1.72413793103448
"hH3-K4R",22,23,1,0.0172413793103448,1.72413793103448
"hH3-K4R",23,24,2,0.0344827586206897,3.44827586206897
"hH3-K4R",24,25,1,0.0172413793103448,1.72413793103448
"hH3-K4R",26,27,1,0.0172413793103448,1.72413793103448
"hH3-K4R",28,31,1,0.0172413793103448,1.72413793103448
"hH3-K4R",29,30,1,0.0172413793103448,1.72413793103448
"hH3-K4R",29,32,1,0.0172413793103448,1.72413793103448
"hH3-K4R",30,31,1,0.0172413793103448,1.72413793103448
"hH3-K4R",30,36,1,0.0172413793103448,1.72413793103448
"hH3-K4R",31,32,2,0.0344827586206897,3.44827586206897
"hH3-K4R",32,35,1,0.0172413793103448,1.72413793103448
"hH3-K4R",33,34,1,0.0172413793103448,1.72413793103448
"hH3-K4R",37,38,1,0.0172413793103448,1.72413793103448
"hH3-K4R",38,41,1,0.0172413793103448,1.72413793103448
"hH3-K4R",39,42,1,0.0172413793103448,1.72413793103448
"hH3-K4R",40,41,1,0.0172413793103448,1.72413793103448
"hH3-K4R",46,58,1,0.0172413793103448,1.72413793103448
"hH3-K4R",47,53,2,0.0344827586206897,3.44827586206897
"hH3-K4R",49,50,2,0.0344827586206897,3.44827586206897
"hH3-K4R",49,55,1,0.0172413793103448,1.72413793103448
"hH3-K4R",50,56,1,0.0172413793103448,1.72413793103448
"hH3-K4R",51,52,1,0.0172413793103448,1.72413793103448
"hH3-K4R",51,54,1,0.0172413793103448,1.72413793103448
"hH3-K4R",51,61,1,0.0172413793103448,1.72413793103448
"hH3-K4R",52,53,2,0.0344827586206897,3.44827586206897
"hH3-K4R",52,54,1,0.0172413793103448,1.72413793103448
"hH3-K4R",52,59,1,0.0172413793103448,1.72413793103448
"hH3-K4R",53,60,1,0.0172413793103448,1.72413793103448
"hH3-K4R",54,55,3,0.0517241379310345,5.17241379310345
"hH3-K4R",54,56,1,0.0172413793103448,1.72413793103448
"hH3-K4R",54,58,1,0.0172413793103448,1.72413793103448
"hH3-K4R",55,65,1,0.0172413793103448,1.72413793103448
"hH3-K4R",58,67,1,0.0172413793103448,1.72413793103448
"hH3-K4R",59,60,1,0.0172413793103448,1.72413793103448
"hH3-K4R",62,65,1,0.0172413793103448,1.72413793103448
"hH3-K4R",64,65,2,0.0344827586206897,3.44827586206897
"hH3-K4R",67,70,1,0.0172413793103448,1.72413793103448
"hH3-K4R",72,73,3,0.0517241379310345,5.17241379310345
"hH3-K4R",72,78,1,0.0172413793103448,1.72413793103448
"hH3-K4R",74,75,2,0.0344827586206897,3.44827586206897
"hH3-K4R",75,76,1,0.0172413793103448,1.72413793103448
