"mut_type","delins_chk","mut_size","rev_sequence_extract"
"Deletion",FALSE,-35,"CCTTCCTT51(tcca-gggtaccaattgcaaaccattagtcctgctg)C88GTGGTGC (pan-2(OGW1))"
"Deletion",FALSE,-29,"TGCACAAG9(caaataacatcttcactactccggaggtc)T39TCTCCCT (pan-2(OGW1))"
"Deletion",FALSE,-23,"AAGCAAAT14(aacatcttcactactccggaggt)C38TTCTCCC (pan-2(OGW1) hH3-K4R)"
"Deletion",TRUE,-11,"GCAAATAA16(a)T29CCGGAGG (pan-2(OGW1) hH3-K4R)"
"Deletion",FALSE,-8,"TCTCCCTT47(cctttcca)-56GGGTACC (pan-2(OGW1))"
"Deletion",FALSE,-5,"CAAGCAAA13(taaca)T19CTTCACT (pan-2(OGW1))"
"Deletion",FALSE,-2,"GGAGGTCT39(tc)T42CCCTTCC (pan-2(OGW1) hH3-K4R)"
"Insertion",FALSE,1,"CACTACTC30(t)C31GGAGGTC (pan-2(OGW1) hH3-K4R)"
"Insertion",FALSE,4,"TCTTCACT26(cact)A27CTCCGGA (pan-2(OGW1) hH3-K4R)"
"Insertion",FALSE,7,"TTCACTAC28(tccggac)T29CCGGAGG (pan-2(OGW1))"
"Insertion",FALSE,10,"TCCTTTCC54(cttcctttcc)A55-GGGTAC (pan-2(OGW1) hH3-K4R)"
"Insertion",FALSE,13,"TACCAATT67(ccagggtaccaat)G68CAAACCA (pan-2(OGW1))"
"Insertion",FALSE,16,"GGTACCAA65(ctttccagggtaccaa)T66TGCAAAC (pan-2(OGW1))"
