"mut_type","mut_size","pan-2(OGW1)","pan-2(OGW1) hH3-K4R","delins_chk","rev_sequence_extract"
"Insertion",16,1,0,FALSE,"GGTACCAA65(ctttccagggtaccaa)T66TGCAAAC (pan-2(OGW1))"
"Insertion",13,2,0,FALSE,"TACCAATT67(ccagggtaccaat)G68CAAACCA (pan-2(OGW1))"
"Insertion",10,1,1,FALSE,"TCCTTTCC54(cttcctttcc)A55-GGGTAC (pan-2(OGW1) hH3-K4R)"
"Insertion",7,2,0,FALSE,"TTCACTAC28(tccggac)T29CCGGAGG (pan-2(OGW1))"
"Insertion",4,7,8,FALSE,"TCTTCACT26(cact)A27CTCCGGA (pan-2(OGW1) hH3-K4R)"
"Insertion",1,15,22,FALSE,"CACTACTC30(t)C31GGAGGTC (pan-2(OGW1) hH3-K4R)"
"Deletion",-2,8,10,FALSE,"GGAGGTCT39(tc)T42CCCTTCC (pan-2(OGW1) hH3-K4R)"
"Deletion",-5,5,10,FALSE,"CAAGCAAA13(taaca)T19CTTCACT (pan-2(OGW1))"
"Deletion",-8,8,4,FALSE,"TCTCCCTT47(cctttcca)-56GGGTACC (pan-2(OGW1))"
"Deletion",-11,0,2,TRUE,"GCAAATAA16(a)T29CCGGAGG (pan-2(OGW1) hH3-K4R)"
"Deletion",-23,0,1,FALSE,"AAGCAAAT14(aacatcttcactactccggaggt)C38TTCTCCC (pan-2(OGW1) hH3-K4R)"
"Deletion",-29,1,0,FALSE,"TGCACAAG9(caaataacatcttcactactccggaggtc)T39TCTCCCT (pan-2(OGW1))"
"Deletion",-35,1,0,FALSE,"CCTTCCTT51(tcca-gggtaccaattgcaaaccattagtcctgctg)C88GTGGTGC (pan-2(OGW1))"
