"expID","seqID","strain","colony","mut_start","mut_finish","mutation","note"
"rev230503","seq230526","KNT-Op47-1",1,375,377,"A",NA
"rev230503","seq230526","KNT-Op47-1",2,376,378,"G",NA
"rev230503","seq230526","KNT-Op47-1",3,376,378,"G",NA
"rev230503","seq230526","KNT-Op47-1",4,375,377,"A",NA
"rev230503","seq230526","KNT-Op47-1",5,375,378,"AG",NA
"rev230503","seq230526","KNT-Op47-1",6,376,378,"G",NA
"rev230503","seq230526","KNT-Op47-1",7,375,377,"A",NA
"rev230503","seq230526","KNT-Op47-1",8,376,378,"G",NA
"rev230503","seq230526","KNT-Op47-1",9,375,377,"A",NA
"rev230503","seq230526","KNT-Op47-1",10,375,377,"A",NA
"rev230503","seq230526","KNT-Op47-1",11,374,377,"AA",NA
"rev230503","seq230526","KNT-Op47-1",12,375,377,"A",NA
"rev231208","seq240417","KNT-Op46-4",1,NA,NA,NA,NA
"rev231208","seq240202","KNT-Op46-4",2,55,56,"G",NA
"rev231208","seq240417","KNT-Op46-4",3,NA,NA,NA,NA
"rev231208","seq240417","KNT-Op46-4",4,73,79,"-",NA
"rev231208","seq240117","KNT-Op46-4",5,47,56,"-",NA
"rev231208","seq240124","KNT-Op46-4",6,30,33,"-",NA
"rev231208","seq240117","KNT-Op46-4",7,13,19,"-",NA
"rev231208","seq240124","KNT-Op46-4",8,54,55,"C",NA
"rev231208","seq240124","KNT-Op46-4",9,30,31,"ACTC",NA
"rev231208","seq240202","KNT-Op46-4",10,26,27,"CACT",NA
"rev231208","seq240117","KNT-Op46-4",11,NA,NA,NA,NA
"rev231208","seq240126","KNT-Op46-4",12,47,56,"-",NA
"rev231208","seq240126","KNT-Op46-4",13,54,58,"-",NA
"rev231208","seq240117","KNT-Op46-13",1,30,31,"T",NA
"rev231208","seq240117","KNT-Op46-13",2,39,42,"-",NA
"rev231208","seq240124","KNT-Op46-13",3,54,58,"-",NA
"rev231208","seq240124","KNT-Op46-13",4,NA,NA,NA,NA
"rev231208","seq240124","KNT-Op46-13",5,23,24,"T",NA
"rev231208","seq240124","KNT-Op46-13",6,59,60,"G",NA
"rev231208","seq240124","KNT-Op46-13",7,74,75,"A",NA
"rev231208","seq240124","KNT-Op46-13",8,72,73,"A",NA
"rev231208","seq240124","KNT-Op46-13",9,26,27,"CACT",NA
"rev231208","seq240124","KNT-Op46-13",10,NA,NA,NA,NA
"rev231208","seq240124","KNT-Op46-13",11,NA,NA,NA,NA
"rev231208","seq240126","KNT-Op46-13",12,NA,NA,NA,NA
"rev231208","seq240126","KNT-Op46-13",13,47,53,"-",NA
"rev231208","seq240126","KNT-Op46-13",14,NA,NA,NA,NA
"rev231208","seq240117","KNT-Op46-13",15,38,41,"-",NA
"rev231208","seq240117","KNT-Op46-13",16,37,38,"T",NA
"rev231208","seq240126","KNT-Op46-13",17,NA,NA,NA,NA
"rev231208","seq240126","KNT-Op46-13",18,NA,NA,NA,NA
"rev231208","seq240126","KNT-Op46-13",19,NA,NA,NA,NA
"rev231208","seq240126","KNT-Op46-13",20,72,73,"A",NA
"rev231208","seq240126","KNT-Op46-13",21,31,32,"C",NA
"rev231208","seq240126","KNT-Op46-13",22,NA,NA,NA,NA
"rev231208","seq240126","KNT-Op46-13",23,NA,NA,NA,NA
"rev231208",NA,"KNT-Op46-13",24,NA,NA,NA,NA
"rev231208","seq240126","KNT-Op46-13",25,72,73,"A",NA
"rev231208","seq240126","KNT-Op46-13",26,NA,NA,NA,NA
"rev231208","seq240126","KNT-Op46-13",27,54,55,"CTTCCTTTCC",NA
"rev231208","seq240126","KNT-Op46-13",28,NA,NA,NA,NA
"rev231208","seq240202","KNT-Op46-13",29,NA,NA,NA,"reseq"
"rev231208","seq240202","KNT-Op46-13",30,NA,NA,NA,"reseq"
"rev231208","seq240202","KNT-Op46-13",31,NA,NA,NA,NA
"rev231208","seq240202","KNT-Op46-13",32,NA,NA,NA,"reseq"
"rev231208","seq240202","KNT-Op46-13",33,29,30,"TACT",NA
"rev240117","seq240130","KNT-Op46-4",1,42,43,"T",NA
"rev240117","seq240130","KNT-Op46-4",2,51,54,"-",NA
"rev240117","seq240130","KNT-Op46-4",3,NA,NA,NA,NA
"rev240117","seq240130","KNT-Op46-4",4,56,65,"-",NA
"rev240117","seq240130","KNT-Op46-4",5,67,68,"CCAGGGTACCAAT",NA
"rev240117","seq240130","KNT-Op46-4",6,NA,NA,NA,NA
"rev240117","seq240130","KNT-Op46-4",7,NA,NA,NA,NA
"rev240117","seq240130","KNT-Op46-4",8,65,66,"CTTTCCAGGGTACCAA",NA
"rev240117","seq240130","KNT-Op46-4",9,NA,NA,NA,NA
"rev240117","seq240130","KNT-Op46-4",10,51,88,"-",NA
"rev240117","seq240130","KNT-Op46-4",11,34,37,"-",NA
"rev240117","seq240130","KNT-Op46-4",12,NA,NA,NA,NA
"rev240117","seq240130","KNT-Op46-4",13,NA,NA,NA,NA
"rev240117","seq240130","KNT-Op46-4",14,53,54,"TTTC",NA
"rev240117",NA,"KNT-Op46-4",15,NA,NA,NA,NA
"rev240117","seq240130","KNT-Op46-4",16,NA,NA,NA,NA
"rev240117","seq240130","KNT-Op46-4",17,NA,NA,NA,NA
"rev240117","seq240417","KNT-Op46-4",18,37,38,"G",NA
"rev240117","seq240417","KNT-Op46-4",19,NA,NA,NA,NA
"rev240117","seq240131","KNT-Op46-4",20,NA,NA,NA,NA
"rev240117","seq240131","KNT-Op46-4",21,NA,NA,NA,NA
"rev240117","seq240417","KNT-Op46-4",22,NA,NA,NA,NA
"rev240117","seq240417","KNT-Op46-4",23,NA,NA,NA,NA
"rev240117","seq240417","KNT-Op46-4",24,70,71,"A",NA
"rev240117","seq240417","KNT-Op46-4",25,53,54,"T",NA
"rev240117","seq240131","KNT-Op46-4",26,34,43,"-",NA
"rev240117","seq240131","KNT-Op46-4",27,NA,NA,NA,NA
"rev240117","seq240131","KNT-Op46-4",28,18,19,"AACA",NA
"rev240117","seq240131","KNT-Op46-4",29,49,50,"C",NA
"rev240117","seq240131","KNT-Op46-4",30,NA,NA,NA,NA
"rev240117","seq240131","KNT-Op46-4",31,NA,NA,NA,NA
"rev240117","seq240417","KNT-Op46-4",32,NA,NA,NA,NA
"rev240117","seq240417","KNT-Op46-4",33,NA,NA,NA,NA
"rev240225","seq240301","KNT-Op46-4",1,NA,NA,NA,NA
"rev240225","seq240404","KNT-Op46-4",2,32,33,"AACTACTCCG",NA
"rev240225","seq240301","KNT-Op46-4",3,53,54,"TTTC",NA
"rev240225","seq240404","KNT-Op46-4",4,51,52,"CCTT",NA
"rev240225","seq240301","KNT-Op46-4",5,9,39,"-",NA
"rev240225","seq240404","KNT-Op46-4",6,NA,NA,NA,NA
"rev240225","seq240301","KNT-Op46-4",7,NA,NA,NA,NA
"rev240225","seq240404","KNT-Op46-4",8,51,61,"-",NA
"rev240225","seq240301","KNT-Op46-4",9,62,63,"TTTCCAGGGTACC",NA
"rev240225","seq240404","KNT-Op46-4",10,42,51,"-",NA
"rev240225","seq240301","KNT-Op46-4",11,28,34,"-",NA
"rev240225","seq240404","KNT-Op46-4",12,33,36,"-",NA
"rev240225","seq240301","KNT-Op46-4",13,59,60,"T",NA
"rev240225","seq240404","KNT-Op46-4",14,34,35,"A",NA
"rev240225","seq240301","KNT-Op46-4",15,29,32,"-",NA
"rev240225","seq240404","KNT-Op46-4",16,40,41,"T",NA
"rev240225","seq240306","KNT-Op46-4",17,28,29,"TCCGGAC",NA
"rev240225","seq240306","KNT-Op46-4",18,54,58,"-",NA
"rev240225","seq240306","KNT-Op46-4",19,33,34,"A",NA
"rev240225","seq240306","KNT-Op46-4",20,47,48,"T",NA
"rev240225","seq240404","KNT-Op46-4",21,42,43,"T",NA
"rev240225","seq240404","KNT-Op46-4",22,NA,NA,NA,NA
"rev240225","seq240404","KNT-Op46-4",23,29,30,"TACT",NA
"rev240225","seq240404","KNT-Op46-4",24,65,74,"-",NA
"rev240225","seq240306","KNT-Op46-4",25,NA,NA,NA,NA
"rev240225","seq240306","KNT-Op46-4",26,NA,NA,NA,NA
"rev240225","seq240306","KNT-Op46-4",27,49,55,"-",NA
"rev240225","seq240306","KNT-Op46-4",28,NA,NA,NA,NA
"rev240225","seq240306","KNT-Op46-4",29,48,60,"TT",NA
"rev240225","seq240306","KNT-Op46-4",30,32,35,"AAGGATTTC",NA
"rev240225","seq240306","KNT-Op46-4",31,52,59,"-",NA
"rev240225","seq240306","KNT-Op46-4",32,NA,NA,NA,NA
"rev240225","seq240417","KNT-Op46-4",33,55,56,"G",NA
"rev240225","seq240404","KNT-Op46-4",34,52,53,"T",NA
"rev240225","seq240404","KNT-Op46-4",35,35,38,"-",NA
"rev240326","seq240424","KNT-Op46-13",1,29,32,"-",NA
"rev240326","seq240424","KNT-Op46-13",2,51,52,"CCTT",NA
"rev240326","seq240424","KNT-Op46-13",3,52,59,"-",NA
"rev240326","seq240424","KNT-Op46-13",4,NA,NA,NA,NA
"rev240326","seq240424","KNT-Op46-13",5,NA,NA,NA,NA
"rev240326","seq240424","KNT-Op46-13",6,52,53,"TTTT",NA
"rev240326","seq240424","KNT-Op46-13",7,24,25,"A",NA
"rev240326","seq240705","KNT-Op46-13",8,NA,NA,NA,"reseq"
"rev240326","seq240424","KNT-Op46-13",9,22,23,"C",NA
"rev240326","seq240424","KNT-Op46-13",10,NA,NA,NA,NA
"rev240326","seq240424","KNT-Op46-13",11,NA,NA,NA,NA
"rev240326","seq240424","KNT-Op46-13",12,NA,NA,NA,NA
"rev240326","seq240705","KNT-Op46-13",13,NA,NA,NA,NA
"rev240326","seq240705","KNT-Op46-13",14,NA,NA,NA,"reseq"
"rev240326","seq240705","KNT-Op46-13",15,NA,NA,NA,NA
"rev240326","seq240705","KNT-Op46-13",16,NA,NA,NA,NA
"rev240326","seq240705","KNT-Op46-13",17,NA,NA,NA,NA
"rev240326","seq240705","KNT-Op46-13",18,NA,NA,NA,NA
"rev240326","seq240705","KNT-Op46-13",19,NA,NA,NA,NA
"rev240326","seq240705","KNT-Op46-13",20,NA,NA,NA,NA
"rev240326","seq240705","KNT-Op46-13",21,NA,NA,NA,NA
"rev240326","seq240705","KNT-Op46-13",22,NA,NA,NA,NA
"rev240326","seq240503","KNT-Op46-13",23,NA,NA,NA,NA
"rev240326","seq240705","KNT-Op46-13",24,NA,NA,NA,NA
"rev240326","seq240705","KNT-Op46-13",25,NA,NA,NA,NA
"rev240326","seq240705","KNT-Op46-13",26,NA,NA,NA,NA
"rev240326","seq240705","KNT-Op46-13",27,NA,NA,NA,NA
"rev240326","seq240503","KNT-Op46-13",28,NA,NA,NA,NA
"rev240326","seq240510","KNT-Op46-13",29,NA,NA,NA,NA
"rev240326","seq240510","KNT-Op46-13",30,NA,NA,NA,NA
"rev240326","seq240510","KNT-Op46-13",31,NA,NA,NA,NA
"rev240326","seq240510","KNT-Op46-13",32,NA,NA,NA,NA
"rev240326","seq240510","KNT-Op46-13",33,NA,NA,NA,NA
"rev240326","seq240510","KNT-Op46-13",34,NA,NA,NA,NA
"rev240326","seq240510","KNT-Op46-13",35,NA,NA,NA,NA
"rev240326","seq240510","KNT-Op46-13",36,NA,NA,NA,"reseq"
"rev240326","seq240510","KNT-Op46-13",37,NA,NA,NA,"reseq"
"rev240326","seq240510","KNT-Op46-13",38,NA,NA,NA,NA
"rev240326","seq240510","KNT-Op46-13",39,NA,NA,NA,"reseq"
"rev240326","seq240510","KNT-Op46-13",40,NA,NA,NA,NA
"rev240326","seq240510","KNT-Op46-13",41,NA,NA,NA,NA
"rev240326","seq240510","KNT-Op46-13",42,NA,NA,NA,NA
"rev240326","seq240510","KNT-Op46-13",43,NA,NA,NA,"reseq"
"rev240326","seq240510","KNT-Op46-13",44,NA,NA,NA,NA
"rev240326",NA,"KNT-Op46-13",45,NA,NA,NA,NA
"rev240326",NA,"KNT-Op46-13",46,NA,NA,NA,NA
"rev240326",NA,"KNT-Op46-13",47,NA,NA,NA,NA
"rev240326",NA,"KNT-Op46-13",48,NA,NA,NA,NA
"rev240326",NA,"KNT-Op46-13",49,NA,NA,NA,NA
"rev240326",NA,"KNT-Op46-13",50,NA,NA,NA,NA
"rev240419","seq240607","KNT-Op46-13",1,NA,NA,NA,"reseq"
"rev240419","seq240607","KNT-Op46-13",2,49,50,"C",NA
"rev240419","seq240607","KNT-Op46-13",3,23,24,"C",NA
"rev240419","seq240607","KNT-Op46-13",4,21,27,"-",NA
"rev240419","seq240607","KNT-Op46-13",5,NA,NA,NA,NA
"rev240419","seq240607","KNT-Op46-13",6,53,60,"-",NA
"rev240419","seq240607","KNT-Op46-13",7,33,34,"A",NA
"rev240419","seq240607","KNT-Op46-13",8,NA,NA,NA,"reseq"
"rev240419","seq240607","KNT-Op46-13",9,47,53,"-",NA
"rev240419","seq240607","KNT-Op46-13",10,NA,NA,NA,NA
"rev240419","seq240607","KNT-Op46-13",11,32,35,"-",NA
"rev240419","seq240607","KNT-Op46-13",12,NA,NA,NA,NA
"rev240419","seq240607","KNT-Op46-13",13,NA,NA,NA,"reseq"
"rev240419","seq240607","KNT-Op46-13",14,52,54,"TT",NA
"rev240419","seq240607","KNT-Op46-13",15,31,32,"GTCC",NA
"rev240419","seq240607","KNT-Op46-13",16,12,21,"-",NA
"rev240419","seq240607","KNT-Op46-13",17,16,22,"-",NA
"rev240419","seq240607","KNT-Op46-13",18,67,70,"-",NA
"rev240419","seq240607","KNT-Op46-13",19,52,53,"TTTC",NA
"rev240419","seq240607","KNT-Op46-13",20,NA,NA,NA,"reseq"
"rev240419","seq240607","KNT-Op46-13",21,NA,NA,NA,NA
"rev240419","seq240607","KNT-Op46-13",22,58,67,"TACCAA",NA
"rev240419","seq240607","KNT-Op46-13",23,72,78,"-",NA
"rev240419","seq240607","KNT-Op46-13",24,NA,NA,NA,NA
"rev240419","seq240628","KNT-Op46-13",25,NA,NA,NA,"reseq"
"rev240419","seq240628","KNT-Op46-13",26,16,29,"A",NA
"rev240419","seq240628","KNT-Op46-13",27,14,38,"-",NA
"rev240419","seq240628","KNT-Op46-13",28,NA,NA,NA,NA
"rev240419","seq240702","KNT-Op46-13",29,NA,NA,NA,NA
"rev240419","seq240702","KNT-Op46-13",30,NA,NA,NA,"reseq"
"rev240419",NA,"KNT-Op46-13",31,NA,NA,NA,NA
"rev240419","seq240702","KNT-Op46-13",32,NA,NA,NA,"reseq"
"rev240419","seq240702","KNT-Op46-13",33,NA,NA,NA,NA
"rev240419","seq240702","KNT-Op46-13",34,NA,NA,NA,NA
"rev240419","seq240702","KNT-Op46-13",35,NA,NA,NA,"reseq"
"rev240419","seq240702","KNT-Op46-13",36,NA,NA,NA,NA
"rev240419","seq240702","KNT-Op46-13",37,NA,NA,NA,"reseq"
"rev240419","seq240702","KNT-Op46-13",38,64,65,"T",NA
"rev240419","seq240702","KNT-Op46-13",39,NA,NA,NA,NA
"rev240419","seq240702","KNT-Op46-13",40,NA,NA,NA,"reseq"
"rev240419","seq240702","KNT-Op46-13",41,51,61,"-",NA
"rev240419","seq240702","KNT-Op46-13",42,NA,NA,NA,"reseq"
"rev240419","seq240702","KNT-Op46-13",43,64,65,"T",NA
"rev240419",NA,"KNT-Op46-13",44,NA,NA,NA,NA
"rev240419","seq240702","KNT-Op46-13",45,49,50,"TTTC",NA
"rev240419",NA,"KNT-Op46-13",46,NA,NA,NA,NA
"rev240419",NA,"KNT-Op46-13",47,NA,NA,NA,NA
"rev240419","seq240702","KNT-Op46-13",48,NA,NA,NA,NA
"rev240419",NA,"KNT-Op46-13",49,NA,NA,NA,NA
"rev240419",NA,"KNT-Op46-13",50,NA,NA,NA,NA
"rev240802","seq240808","KNT-Op46-13",1,50,56,"-",NA
"rev240802","seq240808","KNT-Op46-13",2,54,55,"TTCC",NA
"rev240802","seq240808","KNT-Op46-13",3,28,31,"-",NA
"rev240802","seq240808","KNT-Op46-13",4,NA,NA,NA,NA
"rev240802","seq240808","KNT-Op46-13",5,40,41,"T",NA
"rev240802","seq240808","KNT-Op46-13",6,30,36,"-",NA
"rev240802","seq240808","KNT-Op46-13",7,51,54,"-",NA
"rev240802","seq240808","KNT-Op46-13",8,NA,NA,NA,NA
"rev240802","seq240808","KNT-Op46-13",9,NA,NA,NA,NA
"rev240802","seq240808","KNT-Op46-13",10,NA,NA,NA,"reseq"
"rev240802","seq240808","KNT-Op46-13",11,55,65,"-",NA
"rev240802","seq240808","KNT-Op46-13",12,NA,NA,NA,NA
"rev240802","seq240808","KNT-Op46-13",13,NA,NA,NA,"reseq"
"rev240802","seq240808","KNT-Op46-13",14,NA,NA,NA,NA
"rev240802","seq240808","KNT-Op46-13",15,54,55,"C",NA
"rev240802","seq240808","KNT-Op46-13",16,54,56,"TT",NA
"rev240802","seq240808","KNT-Op46-13",17,74,75,"C",NA
"rev240802","seq240808","KNT-Op46-13",18,75,76,"A",NA
"rev240802","seq240808","KNT-Op46-13",19,46,58,"CC",NA
"rev240802","seq240808","KNT-Op46-13",20,NA,NA,NA,NA
"rev240802","seq240808","KNT-Op46-13",21,NA,NA,NA,NA
"rev240802","seq240808","KNT-Op46-13",22,49,55,"-",NA
"rev240802","seq240808","KNT-Op46-13",23,62,65,"-",NA
"rev240802","seq240808","KNT-Op46-13",24,14,29,"TAT",NA
